time=19:36:39.816 level=DEBUG source=/tmp/isucon14/bench/cmd/run.go:90 msg=target targetURL=https://isuride.xiv.isucon.net targetAddr=127.0.0.1:443 benchrun.GetTargetAddress()="" paymentURL=http://127.0.0.1:12346
time=19:36:39.816 level=INFO msg=負荷走行を開始します
time=19:36:42.503 level=DEBUG source=/tmp/isucon14/bench/benchmarker/scenario/scenario.go:315 msg=時間経過 tick=60
time=19:36:42.503 level=DEBUG source=/tmp/isucon14/bench/benchmarker/scenario/scenario.go:317 msg=eval reqs=0 score="[0 0 0 0 0]" criteria="[0 0 0 0]"
time=19:36:44.304 level=DEBUG source=/tmp/isucon14/bench/benchmarker/scenario/scenario.go:315 msg=時間経過 tick=120
time=19:36:44.304 level=DEBUG source=/tmp/isucon14/bench/benchmarker/scenario/scenario.go:317 msg=eval reqs=5 score="[0 0 0 4 1]" criteria="[5 1 5 5]"
time=19:36:46.088 level=INFO msg=一定の売上が立ったためオーナーの椅子が増加します 名前="Chair Charm" 増加数=1
time=19:36:46.096 level=INFO msg=一定の売上が立ったためオーナーの椅子が増加します 名前=ChairCycle 増加数=1
time=19:36:46.103 level=INFO msg=これまでに地域内の評判によって3人、既存ユーザーの招待経由で11人が新規登録しました
time=19:36:46.103 level=DEBUG source=/tmp/isucon14/bench/benchmarker/scenario/scenario.go:315 msg=時間経過 tick=180
time=19:36:46.103 level=DEBUG source=/tmp/isucon14/bench/benchmarker/scenario/scenario.go:317 msg=eval reqs=11 score="[0 0 0 10 1]" criteria="[11 1 11 11]"
time=19:36:46.103 level=INFO msg=0.0%のライドは椅子がマッチされるまでの時間、90.9%のライドはマッチされた椅子が乗車地点までに掛かる時間、0.0%のライドは椅子の実移動時間に不満がありました
time=19:36:47.883 level=INFO msg=一定の売上が立ったためオーナーの椅子が増加します 名前="Chair Charm" 増加数=1
time=19:36:47.896 level=INFO msg=一定の売上が立ったためオーナーの椅子が増加します 名前=GoEase 増加数=1
time=19:36:47.900 level=INFO msg=一定の売上が立ったためオーナーの椅子が増加します 名前=椅子と暮らし舎 増加数=1
time=19:36:47.903 level=DEBUG source=/tmp/isucon14/bench/benchmarker/scenario/scenario.go:315 msg=時間経過 tick=240
time=19:36:47.904 level=DEBUG source=/tmp/isucon14/bench/benchmarker/scenario/scenario.go:317 msg=eval reqs=19 score="[0 0 0 16 3]" criteria="[19 3 19 19]"
time=19:36:49.703 level=DEBUG source=/tmp/isucon14/bench/benchmarker/scenario/scenario.go:315 msg=時間経過 tick=300
time=19:36:49.703 level=DEBUG source=/tmp/isucon14/bench/benchmarker/scenario/scenario.go:317 msg=eval reqs=23 score="[0 0 1 19 3]" criteria="[23 3 23 22]"
time=19:36:51.482 level=INFO msg=一定の売上が立ったためオーナーの椅子が増加します 名前=椅子と暮らし舎 増加数=1
time=19:36:51.503 level=DEBUG source=/tmp/isucon14/bench/benchmarker/scenario/scenario.go:315 msg=時間経過 tick=360
time=19:36:51.503 level=DEBUG source=/tmp/isucon14/bench/benchmarker/scenario/scenario.go:317 msg=eval reqs=25 score="[0 0 1 20 4]" criteria="[25 4 25 24]"
time=19:36:51.503 level=INFO msg=これまでに地域内の評判によって11人、既存ユーザーの招待経由で24人が新規登録しました
time=19:36:51.503 level=INFO msg=0.0%のライドは椅子がマッチされるまでの時間、84.0%のライドはマッチされた椅子が乗車地点までに掛かる時間、2.0%のライドは椅子の実移動時間に不満がありました
time=19:36:51.525 level=INFO msg=一定の売上が立ったためオーナーの椅子が増加します 名前="Chair Charm" 増加数=1
time=19:36:53.304 level=INFO msg=一定の売上が立ったためオーナーの椅子が増加します 名前="SitWell Designs" 増加数=1
time=19:36:53.304 level=DEBUG source=/tmp/isucon14/bench/benchmarker/scenario/scenario.go:315 msg=時間経過 tick=420
time=19:36:53.304 level=DEBUG source=/tmp/isucon14/bench/benchmarker/scenario/scenario.go:317 msg=eval reqs=32 score="[0 0 6 22 4]" criteria="[30 5 30 29]"
time=19:36:53.318 level=INFO msg=一定の売上が立ったためオーナーの椅子が増加します 名前=椅子と暮らし舎 増加数=1
time=19:36:55.104 level=DEBUG source=/tmp/isucon14/bench/benchmarker/scenario/scenario.go:315 msg=時間経過 tick=480
time=19:36:55.104 level=DEBUG source=/tmp/isucon14/bench/benchmarker/scenario/scenario.go:317 msg=eval reqs=38 score="[0 3 9 22 4]" criteria="[33 5 33 32]"
time=19:36:55.157 level=INFO msg=一定の売上が立ったためオーナーの椅子が増加します 名前="Chair Charm" 増加数=1
time=19:36:55.168 level=INFO msg=一定の売上が立ったためオーナーの椅子が増加します 名前=椅子と暮らし舎 増加数=1
time=19:36:56.903 level=DEBUG source=/tmp/isucon14/bench/benchmarker/scenario/scenario.go:315 msg=時間経過 tick=540
time=19:36:56.903 level=INFO msg=これまでに地域内の評判によって21人、既存ユーザーの招待経由で26人が新規登録しました
time=19:36:56.903 level=INFO msg=これまでに低評価なライドによって4人が利用をやめました
time=19:36:56.903 level=INFO msg=19.0%のライドは椅子がマッチされるまでの時間、88.1%のライドはマッチされた椅子が乗車地点までに掛かる時間、16.7%のライドは椅子の実移動時間に不満がありました
time=19:36:56.903 level=DEBUG source=/tmp/isucon14/bench/benchmarker/scenario/scenario.go:317 msg=eval reqs=42 score="[0 5 11 22 4]" criteria="[34 5 36 34]"
time=19:36:56.940 level=INFO msg=一定の売上が立ったためオーナーの椅子が増加します 名前=GoEase 増加数=1
time=19:36:56.943 level=INFO msg=一定の売上が立ったためオーナーの椅子が増加します 名前=ChairCycle 増加数=1
time=19:36:58.703 level=DEBUG source=/tmp/isucon14/bench/benchmarker/scenario/scenario.go:315 msg=時間経過 tick=600
time=19:36:58.703 level=DEBUG source=/tmp/isucon14/bench/benchmarker/scenario/scenario.go:317 msg=eval reqs=49 score="[3 9 11 22 4]" criteria="[37 6 36 34]"
time=19:36:58.733 level=INFO msg=一定の売上が立ったためオーナーの椅子が増加します 名前="Chair Charm" 増加数=1
time=19:36:58.740 level=INFO msg=一定の売上が立ったためオーナーの椅子が増加します 名前="SitWell Designs" 増加数=1
time=19:36:58.741 level=INFO msg=一定の売上が立ったためオーナーの椅子が増加します 名前=椅子と暮らし舎 増加数=1
time=19:37:00.503 level=DEBUG source=/tmp/isucon14/bench/benchmarker/scenario/scenario.go:315 msg=時間経過 tick=660
time=19:37:00.503 level=DEBUG source=/tmp/isucon14/bench/benchmarker/scenario/scenario.go:317 msg=eval reqs=53 score="[5 10 12 22 4]" criteria="[38 6 37 35]"
time=19:37:00.577 level=INFO msg=一定の売上が立ったためオーナーの椅子が増加します 名前=椅子と暮らし舎 増加数=1
time=19:37:02.303 level=DEBUG source=/tmp/isucon14/bench/benchmarker/scenario/scenario.go:315 msg=時間経過 tick=720
time=19:37:02.303 level=INFO msg=これまでに地域内の評判によって31人、既存ユーザーの招待経由で26人が新規登録しました
time=19:37:02.303 level=DEBUG source=/tmp/isucon14/bench/benchmarker/scenario/scenario.go:317 msg=eval reqs=63 score="[7 16 14 22 4]" criteria="[43 6 39 38]"
time=19:37:02.303 level=INFO msg=これまでに低評価なライドによって16人が利用をやめました
time=19:37:02.303 level=INFO msg=31.7%のライドは椅子がマッチされるまでの時間、90.5%のライドはマッチされた椅子が乗車地点までに掛かる時間、38.9%のライドは椅子の実移動時間に不満がありました
time=19:37:02.357 level=INFO msg=一定の売上が立ったためオーナーの椅子が増加します 名前=GoEase 増加数=2
time=19:37:02.381 level=INFO msg=一定の売上が立ったためオーナーの椅子が増加します 名前=椅子と暮らし舎 増加数=1
time=19:37:04.093 level=INFO msg=一定の売上が立ったためオーナーの椅子が増加します 名前=ChairCycle 増加数=1
time=19:37:04.103 level=DEBUG source=/tmp/isucon14/bench/benchmarker/scenario/scenario.go:315 msg=時間経過 tick=780
time=19:37:04.103 level=DEBUG source=/tmp/isucon14/bench/benchmarker/scenario/scenario.go:317 msg=eval reqs=73 score="[11 20 16 22 4]" criteria="[46 7 41 40]"
time=19:37:04.166 level=INFO msg=一定の売上が立ったためオーナーの椅子が増加します 名前=椅子と暮らし舎 増加数=2
time=19:37:04.168 level=INFO msg=一定の売上が立ったためオーナーの椅子が増加します 名前="Chair Charm" 増加数=1
time=19:37:05.903 level=DEBUG source=/tmp/isucon14/bench/benchmarker/scenario/scenario.go:315 msg=時間経過 tick=840
time=19:37:05.903 level=DEBUG source=/tmp/isucon14/bench/benchmarker/scenario/scenario.go:317 msg=eval reqs=79 score="[13 23 16 23 4]" criteria="[49 8 43 40]"
time=19:37:05.942 level=INFO msg=一定の売上が立ったためオーナーの椅子が増加します 名前=GoEase 増加数=1
time=19:37:07.703 level=INFO msg=これまでに地域内の評判によって43人、既存ユーザーの招待経由で27人が新規登録しました
time=19:37:07.703 level=INFO msg=これまでに低評価なライドによって25人が利用をやめました
time=19:37:07.703 level=INFO msg=37.6%のライドは椅子がマッチされるまでの時間、90.6%のライドはマッチされた椅子が乗車地点までに掛かる時間、50.0%のライドは椅子の実移動時間に不満がありました
time=19:37:07.703 level=DEBUG source=/tmp/isucon14/bench/benchmarker/scenario/scenario.go:315 msg=時間経過 tick=900
time=19:37:07.703 level=DEBUG source=/tmp/isucon14/bench/benchmarker/scenario/scenario.go:317 msg=eval reqs=85 score="[14 27 17 23 4]" criteria="[53 8 43 42]"
time=19:37:07.763 level=INFO msg=一定の売上が立ったためオーナーの椅子が増加します 名前=ChairCycle 増加数=1
time=19:37:07.774 level=INFO msg=一定の売上が立ったためオーナーの椅子が増加します 名前=椅子と暮らし舎 増加数=1
time=19:37:09.503 level=DEBUG source=/tmp/isucon14/bench/benchmarker/scenario/scenario.go:315 msg=時間経過 tick=960
time=19:37:09.503 level=DEBUG source=/tmp/isucon14/bench/benchmarker/scenario/scenario.go:317 msg=eval reqs=96 score="[17 32 18 24 5]" criteria="[60 10 45 45]"
time=19:37:09.540 level=INFO msg=一定の売上が立ったためオーナーの椅子が増加します 名前="Chair Charm" 増加数=1
time=19:37:09.544 level=INFO msg=一定の売上が立ったためオーナーの椅子が増加します 名前=GoEase 増加数=2
time=19:37:11.303 level=DEBUG source=/tmp/isucon14/bench/benchmarker/scenario/scenario.go:315 msg=時間経過 tick=1020
time=19:37:11.303 level=DEBUG source=/tmp/isucon14/bench/benchmarker/scenario/scenario.go:317 msg=eval reqs=107 score="[20 36 19 26 6]" criteria="[68 13 48 47]"
time=19:37:11.378 level=INFO msg=一定の売上が立ったためオーナーの椅子が増加します 名前=椅子と暮らし舎 増加数=1
time=19:37:11.379 level=INFO msg=一定の売上が立ったためオーナーの椅子が増加します 名前="Chair Charm" 増加数=1
time=19:37:11.400 level=INFO msg=一定の売上が立ったためオーナーの椅子が増加します 名前=ChairCycle 増加数=1
time=19:37:13.103 level=INFO msg=これまでに地域内の評判によって54人、既存ユーザーの招待経由で32人が新規登録しました
time=19:37:13.103 level=INFO msg=これまでに低評価なライドによって41人が利用をやめました
time=19:37:13.103 level=INFO msg=38.8%のライドは椅子がマッチされるまでの時間、88.4%のライドはマッチされた椅子が乗車地点までに掛かる時間、59.9%のライドは椅子の実移動時間に不満がありました
time=19:37:13.103 level=DEBUG source=/tmp/isucon14/bench/benchmarker/scenario/scenario.go:315 msg=時間経過 tick=1080
time=19:37:13.103 level=DEBUG source=/tmp/isucon14/bench/benchmarker/scenario/scenario.go:317 msg=eval reqs=121 score="[28 39 22 26 6]" criteria="[74 14 48 49]"
time=19:37:13.155 level=INFO msg=一定の売上が立ったためオーナーの椅子が増加します 名前=椅子と暮らし舎 増加数=1
time=19:37:13.164 level=INFO msg=一定の売上が立ったためオーナーの椅子が増加します 名前="SitWell Designs" 増加数=2
time=19:37:13.164 level=INFO msg=一定の売上が立ったためオーナーの椅子が増加します 名前="Chair Charm" 増加数=1
time=19:37:13.197 level=INFO msg=一定の売上が立ったためオーナーの椅子が増加します 名前=GoEase 増加数=1
time=19:37:14.903 level=DEBUG source=/tmp/isucon14/bench/benchmarker/scenario/scenario.go:315 msg=時間経過 tick=1140
time=19:37:14.903 level=DEBUG source=/tmp/isucon14/bench/benchmarker/scenario/scenario.go:317 msg=eval reqs=134 score="[29 49 24 26 6]" criteria="[86 14 48 51]"
time=19:37:14.970 level=INFO msg=一定の売上が立ったためオーナーの椅子が増加します 名前="Chair Charm" 増加数=2
time=19:37:14.981 level=INFO msg=一定の売上が立ったためオーナーの椅子が増加します 名前=ChairCycle 増加数=1
time=19:37:14.981 level=INFO msg=一定の売上が立ったためオーナーの椅子が増加します 名前=GoEase 増加数=2
time=19:37:14.981 level=INFO msg=一定の売上が立ったためオーナーの椅子が増加します 名前=椅子と暮らし舎 増加数=1
time=19:37:16.346 level=WARN msg="ユーザー登録に失敗しました (CODE=17): POST /api/app/usersへのリクエストに対して、期待されたHTTPステータスコードが確認できませんでした (expected:201, actual:500)"
time=19:37:16.703 level=DEBUG source=/tmp/isucon14/bench/benchmarker/scenario/scenario.go:315 msg=時間経過 tick=1200
time=19:37:16.704 level=DEBUG source=/tmp/isucon14/bench/benchmarker/scenario/scenario.go:317 msg=eval reqs=140 score="[29 52 25 27 7]" criteria="[92 17 50 52]"
time=19:37:16.743 level=INFO msg=一定の売上が立ったためオーナーの椅子が増加します 名前=GoEase 増加数=1
time=19:37:16.800 level=INFO msg=一定の売上が立ったためオーナーの椅子が増加します 名前=椅子と暮らし舎 増加数=1
time=19:37:18.504 level=INFO msg=これまでに地域内の評判によって65人、既存ユーザーの招待経由で33人が新規登録しました
time=19:37:18.504 level=INFO msg=これまでに低評価なライドによって51人が利用をやめました
time=19:37:18.504 level=INFO msg=34.0%のライドは椅子がマッチされるまでの時間、87.8%のライドはマッチされた椅子が乗車地点までに掛かる時間、65.3%のライドは椅子の実移動時間に不満がありました
time=19:37:18.504 level=DEBUG source=/tmp/isucon14/bench/benchmarker/scenario/scenario.go:315 msg=時間経過 tick=1260
time=19:37:18.504 level=DEBUG source=/tmp/isucon14/bench/benchmarker/scenario/scenario.go:317 msg=eval reqs=147 score="[31 56 26 27 7]" criteria="[97 18 50 52]"
time=19:37:18.600 level=INFO msg=一定の売上が立ったためオーナーの椅子が増加します 名前="SitWell Designs" 増加数=1
time=19:37:19.733 level=DEBUG source=/tmp/isucon14/bench/benchmarker/scenario/worldclient/worldclient.go:255 msg="GET /api/chair/notificationへのリクエストに対して、期待されたHTTPステータスコードが確認できませんでした (expected:200, actual:500)"
time=19:37:19.733 level=DEBUG source=/tmp/isucon14/bench/benchmarker/scenario/worldclient/worldclient.go:454 msg="GET /api/app/notificationsへのリクエストに対して、期待されたHTTPステータスコードが確認できませんでした (expected:200, actual:500)"
time=19:37:19.733 level=DEBUG source=/tmp/isucon14/bench/benchmarker/scenario/worldclient/worldclient.go:454 msg="GET /api/app/notificationsへのリクエストに対して、期待されたHTTPステータスコードが確認できませんでした (expected:200, actual:500)"
time=19:37:19.733 level=DEBUG source=/tmp/isucon14/bench/benchmarker/scenario/worldclient/worldclient.go:255 msg="GET /api/chair/notificationへのリクエストに対して、期待されたHTTPステータスコードが確認できませんでした (expected:200, actual:500)"
time=19:37:19.733 level=WARN msg="取得した付近の椅子情報に不備があります (CODE=30): GET /api/app/requests/nearby-chairsへのリクエストに対して、期待されたHTTPステータスコードが確認できませんでした (expected:200, actual:500)"
time=19:37:19.733 level=DEBUG source=/tmp/isucon14/bench/benchmarker/scenario/worldclient/worldclient.go:255 msg="GET /api/chair/notificationへのリクエストに対して、期待されたHTTPステータスコードが確認できませんでした (expected:200, actual:500)"
time=19:37:19.733 level=DEBUG source=/tmp/isucon14/bench/benchmarker/scenario/worldclient/worldclient.go:255 msg="GET /api/chair/notificationへのリクエストに対して、期待されたHTTPステータスコードが確認できませんでした (expected:200, actual:500)"
time=19:37:19.733 level=DEBUG source=/tmp/isucon14/bench/benchmarker/scenario/worldclient/worldclient.go:454 msg="GET /api/app/notificationsへのリクエストに対して、期待されたHTTPステータスコードが確認できませんでした (expected:200, actual:500)"
time=19:37:19.733 level=DEBUG source=/tmp/isucon14/bench/benchmarker/scenario/worldclient/worldclient.go:255 msg="GET /api/chair/notificationへのリクエストに対して、期待されたHTTPステータスコードが確認できませんでした (expected:200, actual:500)"
time=19:37:20.303 level=DEBUG source=/tmp/isucon14/bench/benchmarker/scenario/scenario.go:315 msg=時間経過 tick=1320
time=19:37:20.303 level=DEBUG source=/tmp/isucon14/bench/benchmarker/scenario/scenario.go:317 msg=eval reqs=153 score="[31 60 28 27 7]" criteria="[103 19 50 53]"
time=19:37:20.345 level=INFO msg=一定の売上が立ったためオーナーの椅子が増加します 名前=椅子と暮らし舎 増加数=1
time=19:37:21.035 level=WARN msg="椅子の座標送信に失敗しました (CODE=1): POST /api/chair/coordinateへのリクエストに対して、期待されたHTTPステータスコードが確認できませんでした (expected:200, actual:500)"
time=19:37:21.209 level=DEBUG source=/tmp/isucon14/bench/benchmarker/scenario/worldclient/worldclient.go:255 msg="GET /api/chair/notificationへのリクエストに対して、期待されたHTTPステータスコードが確認できませんでした (expected:200, actual:500)"
time=19:37:21.209 level=DEBUG source=/tmp/isucon14/bench/benchmarker/scenario/worldclient/worldclient.go:454 msg="GET /api/app/notificationsへのリクエストに対して、期待されたHTTPステータスコードが確認できませんでした (expected:200, actual:500)"
time=19:37:21.210 level=DEBUG source=/tmp/isucon14/bench/benchmarker/scenario/worldclient/worldclient.go:454 msg="GET /api/app/notificationsへのリクエストに対して、期待されたHTTPステータスコードが確認できませんでした (expected:200, actual:500)"
time=19:37:21.223 level=WARN msg="椅子の座標送信に失敗しました (CODE=1): POST /api/chair/coordinateへのリクエストに対して、期待されたHTTPステータスコードが確認できませんでした (expected:200, actual:500)"
time=19:37:21.223 level=DEBUG source=/tmp/isucon14/bench/benchmarker/scenario/worldclient/worldclient.go:454 msg="GET /api/app/notificationsへのリクエストに対して、期待されたHTTPステータスコードが確認できませんでした (expected:200, actual:500)"
time=19:37:21.449 level=DEBUG source=/tmp/isucon14/bench/benchmarker/scenario/worldclient/worldclient.go:255 msg="GET /api/chair/notificationへのリクエストに対して、期待されたHTTPステータスコードが確認できませんでした (expected:200, actual:500)"
time=19:37:21.451 level=DEBUG source=/tmp/isucon14/bench/benchmarker/scenario/worldclient/worldclient.go:255 msg="GET /api/chair/notificationへのリクエストに対して、期待されたHTTPステータスコードが確認できませんでした (expected:200, actual:500)"
time=19:37:21.451 level=DEBUG source=/tmp/isucon14/bench/benchmarker/scenario/worldclient/worldclient.go:255 msg="GET /api/chair/notificationへのリクエストに対して、期待されたHTTPステータスコードが確認できませんでした (expected:200, actual:500)"
time=19:37:21.456 level=WARN msg="ユーザーがライド履歴の取得に失敗しました (CODE=7): GET /app/rides へのリクエストに対して、期待されたHTTPステータスコードが確認できませんでした (expected:200, actual:500)"
time=19:37:21.456 level=DEBUG source=/tmp/isucon14/bench/benchmarker/scenario/worldclient/worldclient.go:255 msg="GET /api/chair/notificationへのリクエストに対して、期待されたHTTPステータスコードが確認できませんでした (expected:200, actual:500)"
time=19:37:21.456 level=DEBUG source=/tmp/isucon14/bench/benchmarker/scenario/worldclient/worldclient.go:255 msg="GET /api/chair/notificationへのリクエストに対して、期待されたHTTPステータスコードが確認できませんでした (expected:200, actual:500)"
time=19:37:21.456 level=WARN msg="ユーザーが新しくライドを作成できませんでした (CODE=8): POST /app/rides/estimated-fareへのリクエストに対して、期待されたHTTPステータスコードが確認できませんでした (expected:200, actual:500)"
time=19:37:21.457 level=DEBUG source=/tmp/isucon14/bench/benchmarker/scenario/worldclient/worldclient.go:454 msg="GET /api/app/notificationsへのリクエストに対して、期待されたHTTPステータスコードが確認できませんでした (expected:200, actual:500)"
time=19:37:21.460 level=DEBUG source=/tmp/isucon14/bench/benchmarker/scenario/worldclient/worldclient.go:255 msg="GET /api/chair/notificationへのリクエストに対して、期待されたHTTPステータスコードが確認できませんでした (expected:200, actual:500)"
time=19:37:21.460 level=DEBUG source=/tmp/isucon14/bench/benchmarker/scenario/worldclient/worldclient.go:255 msg="GET /api/chair/notificationへのリクエストに対して、期待されたHTTPステータスコードが確認できませんでした (expected:200, actual:500)"
time=19:37:21.460 level=DEBUG source=/tmp/isucon14/bench/benchmarker/scenario/worldclient/worldclient.go:255 msg="GET /api/chair/notificationへのリクエストに対して、期待されたHTTPステータスコードが確認できませんでした (expected:200, actual:500)"
time=19:37:22.103 level=DEBUG source=/tmp/isucon14/bench/benchmarker/scenario/scenario.go:315 msg=時間経過 tick=1380
time=19:37:22.103 level=DEBUG source=/tmp/isucon14/bench/benchmarker/scenario/scenario.go:317 msg=eval reqs=164 score="[33 65 29 30 7]" criteria="[112 22 53 54]"
time=19:37:22.152 level=INFO msg=一定の売上が立ったためオーナーの椅子が増加します 名前="Chair Charm" 増加数=1
time=19:37:22.155 level=DEBUG source=/tmp/isucon14/bench/benchmarker/scenario/worldclient/worldclient.go:454 msg="GET /api/app/notificationsへのリクエストに対して、期待されたHTTPステータスコードが確認できませんでした (expected:200, actual:500)"
time=19:37:22.156 level=DEBUG source=/tmp/isucon14/bench/benchmarker/scenario/worldclient/worldclient.go:454 msg="GET /api/app/notificationsへのリクエストに対して、期待されたHTTPステータスコードが確認できませんでした (expected:200, actual:500)"
time=19:37:22.157 level=DEBUG source=/tmp/isucon14/bench/benchmarker/scenario/worldclient/worldclient.go:454 msg="GET /api/app/notificationsへのリクエストに対して、期待されたHTTPステータスコードが確認できませんでした (expected:200, actual:500)"
time=19:37:22.157 level=DEBUG source=/tmp/isucon14/bench/benchmarker/scenario/worldclient/worldclient.go:255 msg="GET /api/chair/notificationへのリクエストに対して、期待されたHTTPステータスコードが確認できませんでした (expected:200, actual:500)"
time=19:37:22.158 level=DEBUG source=/tmp/isucon14/bench/benchmarker/scenario/worldclient/worldclient.go:255 msg="GET /api/chair/notificationへのリクエストに対して、期待されたHTTPステータスコードが確認できませんでした (expected:200, actual:500)"
time=19:37:22.158 level=DEBUG source=/tmp/isucon14/bench/benchmarker/scenario/worldclient/worldclient.go:454 msg="GET /api/app/notificationsへのリクエストに対して、期待されたHTTPステータスコードが確認できませんでした (expected:200, actual:500)"
time=19:37:22.158 level=DEBUG source=/tmp/isucon14/bench/benchmarker/scenario/worldclient/worldclient.go:454 msg="GET /api/app/notificationsへのリクエストに対して、期待されたHTTPステータスコードが確認できませんでした (expected:200, actual:500)"
time=19:37:22.191 level=INFO msg=一定の売上が立ったためオーナーの椅子が増加します 名前="SitWell Designs" 増加数=1
time=19:37:22.277 level=INFO msg=一定の売上が立ったためオーナーの椅子が増加します 名前=ChairCycle 増加数=1
time=19:37:22.282 level=DEBUG source=/tmp/isucon14/bench/benchmarker/scenario/worldclient/worldclient.go:454 msg="GET /api/app/notificationsへのリクエストに対して、期待されたHTTPステータスコードが確認できませんでした (expected:200, actual:500)"
time=19:37:22.282 level=DEBUG source=/tmp/isucon14/bench/benchmarker/scenario/worldclient/worldclient.go:255 msg="GET /api/chair/notificationへのリクエストに対して、期待されたHTTPステータスコードが確認できませんでした (expected:200, actual:500)"
time=19:37:22.283 level=WARN msg="ユーザーがライド履歴の取得に失敗しました (CODE=7): GET /app/rides へのリクエストに対して、期待されたHTTPステータスコードが確認できませんでした (expected:200, actual:500)"
time=19:37:22.301 level=DEBUG source=/tmp/isucon14/bench/benchmarker/scenario/worldclient/worldclient.go:255 msg="GET /api/chair/notificationへのリクエストに対して、期待されたHTTPステータスコードが確認できませんでした (expected:200, actual:500)"
time=19:37:22.303 level=INFO msg=一定の売上が立ったためオーナーの椅子が増加します 名前=GoEase 増加数=1
time=19:37:22.366 level=WARN msg="椅子の座標送信に失敗しました (CODE=1): POST /api/chair/coordinateへのリクエストに対して、期待されたHTTPステータスコードが確認できませんでした (expected:200, actual:500)"
time=19:37:22.366 level=WARN msg="椅子の座標送信に失敗しました (CODE=1): POST /api/chair/coordinateへのリクエストに対して、期待されたHTTPステータスコードが確認できませんでした (expected:200, actual:500)"
time=19:37:22.366 level=WARN msg="椅子の座標送信に失敗しました (CODE=1): POST /api/chair/coordinateへのリクエストに対して、期待されたHTTPステータスコードが確認できませんでした (expected:200, actual:500)"
time=19:37:22.366 level=WARN msg="椅子の座標送信に失敗しました (CODE=1): POST /api/chair/coordinateへのリクエストに対して、期待されたHTTPステータスコードが確認できませんでした (expected:200, actual:500)"
time=19:37:22.366 level=WARN msg="椅子の座標送信に失敗しました (CODE=1): POST /api/chair/coordinateへのリクエストに対して、期待されたHTTPステータスコードが確認できませんでした (expected:200, actual:500)"
time=19:37:22.366 level=WARN msg="椅子がアクティベートに失敗しました (CODE=13): POST /api/chair/activityへのリクエストに対して、期待されたHTTPステータスコードが確認できませんでした (expected:204, actual:500)"
time=19:37:22.367 level=WARN msg="椅子の座標送信に失敗しました (CODE=1): POST /api/chair/coordinateへのリクエストに対して、期待されたHTTPステータスコードが確認できませんでした (expected:200, actual:500)"
time=19:37:22.367 level=WARN msg="椅子の座標送信に失敗しました (CODE=1): POST /api/chair/coordinateへのリクエストに対して、期待されたHTTPステータスコードが確認できませんでした (expected:200, actual:500)"
time=19:37:22.371 level=INFO msg=一定の売上が立ったためオーナーの椅子が増加します 名前=椅子と暮らし舎 増加数=1
time=19:37:22.617 level=WARN msg="ユーザーが新しくライドを作成できませんでした (CODE=8): POST /api/app/ridesへのリクエストに対して、期待されたHTTPステータスコードが確認できませんでした (expected:202, actual:500)"
time=19:37:22.789 level=DEBUG source=/tmp/isucon14/bench/benchmarker/scenario/worldclient/worldclient.go:255 msg="GET /api/chair/notificationへのリクエストに対して、期待されたHTTPステータスコードが確認できませんでした (expected:200, actual:500)"
time=19:37:22.791 level=DEBUG source=/tmp/isucon14/bench/benchmarker/scenario/worldclient/worldclient.go:255 msg="GET /api/chair/notificationへのリクエストに対して、期待されたHTTPステータスコードが確認できませんでした (expected:200, actual:500)"
time=19:37:22.791 level=DEBUG source=/tmp/isucon14/bench/benchmarker/scenario/worldclient/worldclient.go:255 msg="GET /api/chair/notificationへのリクエストに対して、期待されたHTTPステータスコードが確認できませんでした (expected:200, actual:500)"
time=19:37:22.796 level=WARN msg="椅子の座標送信に失敗しました (CODE=1): POST /api/chair/coordinateへのリクエストに対して、期待されたHTTPステータスコードが確認できませんでした (expected:200, actual:500)"
time=19:37:22.799 level=DEBUG source=/tmp/isucon14/bench/benchmarker/scenario/worldclient/worldclient.go:454 msg="GET /api/app/notificationsへのリクエストに対して、期待されたHTTPステータスコードが確認できませんでした (expected:200, actual:500)"
time=19:37:23.025 level=WARN msg="椅子の座標送信に失敗しました (CODE=1): POST /api/chair/coordinateへのリクエストに対して、期待されたHTTPステータスコードが確認できませんでした (expected:200, actual:500)"
time=19:37:23.026 level=WARN msg="椅子の座標送信に失敗しました (CODE=1): POST /api/chair/coordinateへのリクエストに対して、期待されたHTTPステータスコードが確認できませんでした (expected:200, actual:500)"
time=19:37:23.026 level=WARN msg="椅子の座標送信に失敗しました (CODE=1): POST /api/chair/coordinateへのリクエストに対して、期待されたHTTPステータスコードが確認できませんでした (expected:200, actual:500)"
time=19:37:23.026 level=WARN msg="椅子の座標送信に失敗しました (CODE=1): POST /api/chair/coordinateへのリクエストに対して、期待されたHTTPステータスコードが確認できませんでした (expected:200, actual:500)"
time=19:37:23.027 level=WARN msg="椅子の座標送信に失敗しました (CODE=1): POST /api/chair/coordinateへのリクエストに対して、期待されたHTTPステータスコードが確認できませんでした (expected:200, actual:500)"
time=19:37:23.027 level=WARN msg="椅子の座標送信に失敗しました (CODE=1): POST /api/chair/coordinateへのリクエストに対して、期待されたHTTPステータスコードが確認できませんでした (expected:200, actual:500)"
time=19:37:23.140 level=DEBUG source=/tmp/isucon14/bench/benchmarker/scenario/worldclient/worldclient.go:255 msg="GET /api/chair/notificationへのリクエストに対して、期待されたHTTPステータスコードが確認できませんでした (expected:200, actual:500)"
time=19:37:23.140 level=DEBUG source=/tmp/isucon14/bench/benchmarker/scenario/worldclient/worldclient.go:454 msg="GET /api/app/notificationsへのリクエストに対して、期待されたHTTPステータスコードが確認できませんでした (expected:200, actual:500)"
time=19:37:23.140 level=DEBUG source=/tmp/isucon14/bench/benchmarker/scenario/worldclient/worldclient.go:255 msg="GET /api/chair/notificationへのリクエストに対して、期待されたHTTPステータスコードが確認できませんでした (expected:200, actual:500)"
time=19:37:23.141 level=DEBUG source=/tmp/isucon14/bench/benchmarker/scenario/worldclient/worldclient.go:454 msg="GET /api/app/notificationsへのリクエストに対して、期待されたHTTPステータスコードが確認できませんでした (expected:200, actual:500)"
time=19:37:23.142 level=DEBUG source=/tmp/isucon14/bench/benchmarker/scenario/worldclient/worldclient.go:454 msg="GET /api/app/notificationsへのリクエストに対して、期待されたHTTPステータスコードが確認できませんでした (expected:200, actual:500)"
time=19:37:23.143 level=DEBUG source=/tmp/isucon14/bench/benchmarker/scenario/worldclient/worldclient.go:454 msg="GET /api/app/notificationsへのリクエストに対して、期待されたHTTPステータスコードが確認できませんでした (expected:200, actual:500)"
time=19:37:23.143 level=DEBUG source=/tmp/isucon14/bench/benchmarker/scenario/worldclient/worldclient.go:454 msg="GET /api/app/notificationsへのリクエストに対して、期待されたHTTPステータスコードが確認できませんでした (expected:200, actual:500)"
time=19:37:23.143 level=DEBUG source=/tmp/isucon14/bench/benchmarker/scenario/worldclient/worldclient.go:454 msg="GET /api/app/notificationsへのリクエストに対して、期待されたHTTPステータスコードが確認できませんでした (expected:200, actual:500)"
time=19:37:23.143 level=WARN msg="ユーザーのライド評価に失敗しました (CODE=5): POST /api/app/rides/{ride_id}/evaluationへのリクエストに対して、期待されたHTTPステータスコードが確認できませんでした (expected:200, actual:500)"
time=19:37:23.150 level=DEBUG source=/tmp/isucon14/bench/benchmarker/scenario/worldclient/worldclient.go:255 msg="GET /api/chair/notificationへのリクエストに対して、期待されたHTTPステータスコードが確認できませんでした (expected:200, actual:500)"
time=19:37:23.150 level=DEBUG source=/tmp/isucon14/bench/benchmarker/scenario/worldclient/worldclient.go:454 msg="GET /api/app/notificationsへのリクエストに対して、期待されたHTTPステータスコードが確認できませんでした (expected:200, actual:500)"
time=19:37:23.150 level=DEBUG source=/tmp/isucon14/bench/benchmarker/scenario/worldclient/worldclient.go:454 msg="GET /api/app/notificationsへのリクエストに対して、期待されたHTTPステータスコードが確認できませんでした (expected:200, actual:500)"
time=19:37:23.151 level=DEBUG source=/tmp/isucon14/bench/benchmarker/scenario/worldclient/worldclient.go:255 msg="GET /api/chair/notificationへのリクエストに対して、期待されたHTTPステータスコードが確認できませんでした (expected:200, actual:500)"
time=19:37:23.151 level=DEBUG source=/tmp/isucon14/bench/benchmarker/scenario/worldclient/worldclient.go:454 msg="GET /api/app/notificationsへのリクエストに対して、期待されたHTTPステータスコードが確認できませんでした (expected:200, actual:500)"
time=19:37:23.151 level=DEBUG source=/tmp/isucon14/bench/benchmarker/scenario/worldclient/worldclient.go:255 msg="GET /api/chair/notificationへのリクエストに対して、期待されたHTTPステータスコードが確認できませんでした (expected:200, actual:500)"
time=19:37:23.153 level=WARN msg="椅子の座標送信に失敗しました (CODE=1): POST /api/chair/coordinateへのリクエストに対して、期待されたHTTPステータスコードが確認できませんでした (expected:200, actual:500)"
time=19:37:23.154 level=WARN msg="椅子の座標送信に失敗しました (CODE=1): POST /api/chair/coordinateへのリクエストに対して、期待されたHTTPステータスコードが確認できませんでした (expected:200, actual:500)"
time=19:37:23.154 level=WARN msg="椅子の座標送信に失敗しました (CODE=1): POST /api/chair/coordinateへのリクエストに対して、期待されたHTTPステータスコードが確認できませんでした (expected:200, actual:500)"
time=19:37:23.154 level=WARN msg="椅子の座標送信に失敗しました (CODE=1): POST /api/chair/coordinateへのリクエストに対して、期待されたHTTPステータスコードが確認できませんでした (expected:200, actual:500)"
time=19:37:23.154 level=WARN msg="椅子の座標送信に失敗しました (CODE=1): POST /api/chair/coordinateへのリクエストに対して、期待されたHTTPステータスコードが確認できませんでした (expected:200, actual:500)"
time=19:37:23.154 level=WARN msg="椅子の座標送信に失敗しました (CODE=1): POST /api/chair/coordinateへのリクエストに対して、期待されたHTTPステータスコードが確認できませんでした (expected:200, actual:500)"
time=19:37:23.154 level=WARN msg="椅子の座標送信に失敗しました (CODE=1): POST /api/chair/coordinateへのリクエストに対して、期待されたHTTPステータスコードが確認できませんでした (expected:200, actual:500)"
time=19:37:23.156 level=WARN msg="椅子の座標送信に失敗しました (CODE=1): POST /api/chair/coordinateへのリクエストに対して、期待されたHTTPステータスコードが確認できませんでした (expected:200, actual:500)"
time=19:37:23.277 level=DEBUG source=/tmp/isucon14/bench/benchmarker/scenario/worldclient/worldclient.go:454 msg="GET /api/app/notificationsへのリクエストに対して、期待されたHTTPステータスコードが確認できませんでした (expected:200, actual:500)"
time=19:37:23.278 level=DEBUG source=/tmp/isucon14/bench/benchmarker/scenario/worldclient/worldclient.go:255 msg="GET /api/chair/notificationへのリクエストに対して、期待されたHTTPステータスコードが確認できませんでした (expected:200, actual:500)"
time=19:37:23.278 level=DEBUG source=/tmp/isucon14/bench/benchmarker/scenario/worldclient/worldclient.go:255 msg="GET /api/chair/notificationへのリクエストに対して、期待されたHTTPステータスコードが確認できませんでした (expected:200, actual:500)"
time=19:37:23.278 level=DEBUG source=/tmp/isucon14/bench/benchmarker/scenario/worldclient/worldclient.go:454 msg="GET /api/app/notificationsへのリクエストに対して、期待されたHTTPステータスコードが確認できませんでした (expected:200, actual:500)"
time=19:37:23.282 level=DEBUG source=/tmp/isucon14/bench/benchmarker/scenario/worldclient/worldclient.go:454 msg="GET /api/app/notificationsへのリクエストに対して、期待されたHTTPステータスコードが確認できませんでした (expected:200, actual:500)"
time=19:37:23.283 level=WARN msg="椅子の座標送信に失敗しました (CODE=1): POST /api/chair/coordinateへのリクエストに対して、期待されたHTTPステータスコードが確認できませんでした (expected:200, actual:500)"
time=19:37:23.283 level=WARN msg="椅子の座標送信に失敗しました (CODE=1): POST /api/chair/coordinateへのリクエストに対して、期待されたHTTPステータスコードが確認できませんでした (expected:200, actual:500)"
time=19:37:23.284 level=WARN msg="椅子の座標送信に失敗しました (CODE=1): POST /api/chair/coordinateへのリクエストに対して、期待されたHTTPステータスコードが確認できませんでした (expected:200, actual:500)"
time=19:37:23.292 level=DEBUG source=/tmp/isucon14/bench/benchmarker/scenario/worldclient/worldclient.go:255 msg="GET /api/chair/notificationへのリクエストに対して、期待されたHTTPステータスコードが確認できませんでした (expected:200, actual:500)"
time=19:37:23.293 level=DEBUG source=/tmp/isucon14/bench/benchmarker/scenario/worldclient/worldclient.go:454 msg="GET /api/app/notificationsへのリクエストに対して、期待されたHTTPステータスコードが確認できませんでした (expected:200, actual:500)"
time=19:37:23.293 level=DEBUG source=/tmp/isucon14/bench/benchmarker/scenario/worldclient/worldclient.go:454 msg="GET /api/app/notificationsへのリクエストに対して、期待されたHTTPステータスコードが確認できませんでした (expected:200, actual:500)"
time=19:37:23.293 level=DEBUG source=/tmp/isucon14/bench/benchmarker/scenario/worldclient/worldclient.go:255 msg="GET /api/chair/notificationへのリクエストに対して、期待されたHTTPステータスコードが確認できませんでした (expected:200, actual:500)"
time=19:37:23.903 level=DEBUG source=/tmp/isucon14/bench/benchmarker/scenario/scenario.go:315 msg=時間経過 tick=1440
time=19:37:23.903 level=DEBUG source=/tmp/isucon14/bench/benchmarker/scenario/scenario.go:317 msg=eval reqs=172 score="[33 70 32 30 7]" criteria="[120 23 53 56]"
time=19:37:23.903 level=INFO msg=これまでに地域内の評判によって77人、既存ユーザーの招待経由で36人が新規登録しました
time=19:37:23.903 level=INFO msg=これまでに低評価なライドによって56人が利用をやめました
time=19:37:23.903 level=INFO msg=30.2%のライドは椅子がマッチされるまでの時間、86.6%のライドはマッチされた椅子が乗車地点までに掛かる時間、68.3%のライドは椅子の実移動時間に不満がありました
time=19:37:23.971 level=INFO msg=一定の売上が立ったためオーナーの椅子が増加します 名前="Chair Charm" 増加数=1
time=19:37:23.974 level=INFO msg=一定の売上が立ったためオーナーの椅子が増加します 名前=椅子と暮らし舎 増加数=1
time=19:37:23.974 level=INFO msg=一定の売上が立ったためオーナーの椅子が増加します 名前=GoEase 増加数=1
time=19:37:24.050 level=DEBUG source=/tmp/isucon14/bench/benchmarker/scenario/worldclient/worldclient.go:454 msg="GET /api/app/notificationsへのリクエストに対して、期待されたHTTPステータスコードが確認できませんでした (expected:200, actual:500)"
time=19:37:24.052 level=DEBUG source=/tmp/isucon14/bench/benchmarker/scenario/worldclient/worldclient.go:255 msg="GET /api/chair/notificationへのリクエストに対して、期待されたHTTPステータスコードが確認できませんでした (expected:200, actual:500)"
time=19:37:24.053 level=DEBUG source=/tmp/isucon14/bench/benchmarker/scenario/worldclient/worldclient.go:255 msg="GET /api/chair/notificationへのリクエストに対して、期待されたHTTPステータスコードが確認できませんでした (expected:200, actual:500)"
time=19:37:24.053 level=DEBUG source=/tmp/isucon14/bench/benchmarker/scenario/worldclient/worldclient.go:255 msg="GET /api/chair/notificationへのリクエストに対して、期待されたHTTPステータスコードが確認できませんでした (expected:200, actual:500)"
time=19:37:24.053 level=DEBUG source=/tmp/isucon14/bench/benchmarker/scenario/worldclient/worldclient.go:255 msg="GET /api/chair/notificationへのリクエストに対して、期待されたHTTPステータスコードが確認できませんでした (expected:200, actual:500)"
time=19:37:24.053 level=DEBUG source=/tmp/isucon14/bench/benchmarker/scenario/worldclient/worldclient.go:255 msg="GET /api/chair/notificationへのリクエストに対して、期待されたHTTPステータスコードが確認できませんでした (expected:200, actual:500)"
time=19:37:24.054 level=DEBUG source=/tmp/isucon14/bench/benchmarker/scenario/worldclient/worldclient.go:255 msg="GET /api/chair/notificationへのリクエストに対して、期待されたHTTPステータスコードが確認できませんでした (expected:200, actual:500)"
time=19:37:24.054 level=DEBUG source=/tmp/isucon14/bench/benchmarker/scenario/worldclient/worldclient.go:255 msg="GET /api/chair/notificationへのリクエストに対して、期待されたHTTPステータスコードが確認できませんでした (expected:200, actual:500)"
time=19:37:24.054 level=DEBUG source=/tmp/isucon14/bench/benchmarker/scenario/worldclient/worldclient.go:255 msg="GET /api/chair/notificationへのリクエストに対して、期待されたHTTPステータスコードが確認できませんでした (expected:200, actual:500)"
time=19:37:24.061 level=DEBUG source=/tmp/isucon14/bench/benchmarker/scenario/worldclient/worldclient.go:255 msg="GET /api/chair/notificationへのリクエストに対して、期待されたHTTPステータスコードが確認できませんでした (expected:200, actual:500)"
time=19:37:24.063 level=DEBUG source=/tmp/isucon14/bench/benchmarker/scenario/worldclient/worldclient.go:255 msg="GET /api/chair/notificationへのリクエストに対して、期待されたHTTPステータスコードが確認できませんでした (expected:200, actual:500)"
time=19:37:24.085 level=DEBUG source=/tmp/isucon14/bench/benchmarker/scenario/worldclient/worldclient.go:255 msg="GET /api/chair/notificationへのリクエストに対して、期待されたHTTPステータスコードが確認できませんでした (expected:200, actual:500)"
time=19:37:24.085 level=DEBUG source=/tmp/isucon14/bench/benchmarker/scenario/worldclient/worldclient.go:255 msg="GET /api/chair/notificationへのリクエストに対して、期待されたHTTPステータスコードが確認できませんでした (expected:200, actual:500)"
time=19:37:24.085 level=DEBUG source=/tmp/isucon14/bench/benchmarker/scenario/worldclient/worldclient.go:255 msg="GET /api/chair/notificationへのリクエストに対して、期待されたHTTPステータスコードが確認できませんでした (expected:200, actual:500)"
time=19:37:24.085 level=DEBUG source=/tmp/isucon14/bench/benchmarker/scenario/worldclient/worldclient.go:255 msg="GET /api/chair/notificationへのリクエストに対して、期待されたHTTPステータスコードが確認できませんでした (expected:200, actual:500)"
time=19:37:24.085 level=DEBUG source=/tmp/isucon14/bench/benchmarker/scenario/worldclient/worldclient.go:454 msg="GET /api/app/notificationsへのリクエストに対して、期待されたHTTPステータスコードが確認できませんでした (expected:200, actual:500)"
time=19:37:24.085 level=DEBUG source=/tmp/isucon14/bench/benchmarker/scenario/worldclient/worldclient.go:454 msg="GET /api/app/notificationsへのリクエストに対して、期待されたHTTPステータスコードが確認できませんでした (expected:200, actual:500)"
time=19:37:24.085 level=DEBUG source=/tmp/isucon14/bench/benchmarker/scenario/worldclient/worldclient.go:255 msg="GET /api/chair/notificationへのリクエストに対して、期待されたHTTPステータスコードが確認できませんでした (expected:200, actual:500)"
time=19:37:24.085 level=DEBUG source=/tmp/isucon14/bench/benchmarker/scenario/worldclient/worldclient.go:255 msg="GET /api/chair/notificationへのリクエストに対して、期待されたHTTPステータスコードが確認できませんでした (expected:200, actual:500)"
time=19:37:24.085 level=DEBUG source=/tmp/isucon14/bench/benchmarker/scenario/worldclient/worldclient.go:255 msg="GET /api/chair/notificationへのリクエストに対して、期待されたHTTPステータスコードが確認できませんでした (expected:200, actual:500)"
time=19:37:24.111 level=WARN msg="ユーザーのライド評価に失敗しました (CODE=5): POST /api/app/rides/{ride_id}/evaluationへのリクエストに対して、期待されたHTTPステータスコードが確認できませんでした (expected:200, actual:500)"
time=19:37:24.112 level=WARN msg="ユーザー登録に失敗しました (CODE=17): POST /api/app/usersへのリクエストに対して、期待されたHTTPステータスコードが確認できませんでした (expected:201, actual:500)"
time=19:37:24.127 level=DEBUG source=/tmp/isucon14/bench/benchmarker/scenario/worldclient/worldclient.go:255 msg="GET /api/chair/notificationへのリクエストに対して、期待されたHTTPステータスコードが確認できませんでした (expected:200, actual:500)"
time=19:37:24.448 level=DEBUG source=/tmp/isucon14/bench/benchmarker/scenario/worldclient/worldclient.go:454 msg="GET /api/app/notificationsへのリクエストに対して、期待されたHTTPステータスコードが確認できませんでした (expected:200, actual:500)"
time=19:37:24.448 level=DEBUG source=/tmp/isucon14/bench/benchmarker/scenario/worldclient/worldclient.go:255 msg="GET /api/chair/notificationへのリクエストに対して、期待されたHTTPステータスコードが確認できませんでした (expected:200, actual:500)"
time=19:37:25.068 level=DEBUG source=/tmp/isucon14/bench/benchmarker/scenario/worldclient/worldclient.go:255 msg="GET /api/chair/notificationへのリクエストに対して、期待されたHTTPステータスコードが確認できませんでした (expected:200, actual:500)"
time=19:37:25.068 level=DEBUG source=/tmp/isucon14/bench/benchmarker/scenario/worldclient/worldclient.go:255 msg="GET /api/chair/notificationへのリクエストに対して、期待されたHTTPステータスコードが確認できませんでした (expected:200, actual:500)"
time=19:37:25.068 level=DEBUG source=/tmp/isucon14/bench/benchmarker/scenario/worldclient/worldclient.go:255 msg="GET /api/chair/notificationへのリクエストに対して、期待されたHTTPステータスコードが確認できませんでした (expected:200, actual:500)"
time=19:37:25.068 level=DEBUG source=/tmp/isucon14/bench/benchmarker/scenario/worldclient/worldclient.go:454 msg="GET /api/app/notificationsへのリクエストに対して、期待されたHTTPステータスコードが確認できませんでした (expected:200, actual:500)"
time=19:37:25.068 level=DEBUG source=/tmp/isucon14/bench/benchmarker/scenario/worldclient/worldclient.go:255 msg="GET /api/chair/notificationへのリクエストに対して、期待されたHTTPステータスコードが確認できませんでした (expected:200, actual:500)"
time=19:37:25.068 level=DEBUG source=/tmp/isucon14/bench/benchmarker/scenario/worldclient/worldclient.go:255 msg="GET /api/chair/notificationへのリクエストに対して、期待されたHTTPステータスコードが確認できませんでした (expected:200, actual:500)"
time=19:37:25.069 level=DEBUG source=/tmp/isucon14/bench/benchmarker/scenario/worldclient/worldclient.go:454 msg="GET /api/app/notificationsへのリクエストに対して、期待されたHTTPステータスコードが確認できませんでした (expected:200, actual:500)"
time=19:37:25.069 level=DEBUG source=/tmp/isucon14/bench/benchmarker/scenario/worldclient/worldclient.go:255 msg="GET /api/chair/notificationへのリクエストに対して、期待されたHTTPステータスコードが確認できませんでした (expected:200, actual:500)"
time=19:37:25.069 level=DEBUG source=/tmp/isucon14/bench/benchmarker/scenario/worldclient/worldclient.go:255 msg="GET /api/chair/notificationへのリクエストに対して、期待されたHTTPステータスコードが確認できませんでした (expected:200, actual:500)"
time=19:37:25.069 level=WARN msg="椅子の座標送信に失敗しました (CODE=1): POST /api/chair/coordinateへのリクエストに対して、期待されたHTTPステータスコードが確認できませんでした (expected:200, actual:500)"
time=19:37:25.069 level=WARN msg="椅子の座標送信に失敗しました (CODE=1): POST /api/chair/coordinateへのリクエストに対して、期待されたHTTPステータスコードが確認できませんでした (expected:200, actual:500)"
time=19:37:25.069 level=WARN msg="椅子の座標送信に失敗しました (CODE=1): POST /api/chair/coordinateへのリクエストに対して、期待されたHTTPステータスコードが確認できませんでした (expected:200, actual:500)"
time=19:37:25.069 level=WARN msg="椅子の座標送信に失敗しました (CODE=1): POST /api/chair/coordinateへのリクエストに対して、期待されたHTTPステータスコードが確認できませんでした (expected:200, actual:500)"
time=19:37:25.069 level=WARN msg="椅子の座標送信に失敗しました (CODE=1): POST /api/chair/coordinateへのリクエストに対して、期待されたHTTPステータスコードが確認できませんでした (expected:200, actual:500)"
time=19:37:25.069 level=DEBUG source=/tmp/isucon14/bench/benchmarker/scenario/worldclient/worldclient.go:454 msg="GET /api/app/notificationsへのリクエストに対して、期待されたHTTPステータスコードが確認できませんでした (expected:200, actual:500)"
time=19:37:25.072 level=DEBUG source=/tmp/isucon14/bench/benchmarker/scenario/worldclient/worldclient.go:255 msg="GET /api/chair/notificationへのリクエストに対して、期待されたHTTPステータスコードが確認できませんでした (expected:200, actual:500)"
time=19:37:25.072 level=DEBUG source=/tmp/isucon14/bench/benchmarker/scenario/worldclient/worldclient.go:255 msg="GET /api/chair/notificationへのリクエストに対して、期待されたHTTPステータスコードが確認できませんでした (expected:200, actual:500)"
time=19:37:25.072 level=WARN msg="椅子の座標送信に失敗しました (CODE=1): POST /api/chair/coordinateへのリクエストに対して、期待されたHTTPステータスコードが確認できませんでした (expected:200, actual:500)"
time=19:37:25.072 level=WARN msg="椅子の座標送信に失敗しました (CODE=1): POST /api/chair/coordinateへのリクエストに対して、期待されたHTTPステータスコードが確認できませんでした (expected:200, actual:500)"
time=19:37:25.073 level=WARN msg="椅子の座標送信に失敗しました (CODE=1): POST /api/chair/coordinateへのリクエストに対して、期待されたHTTPステータスコードが確認できませんでした (expected:200, actual:500)"
time=19:37:25.072 level=DEBUG source=/tmp/isucon14/bench/benchmarker/scenario/worldclient/worldclient.go:255 msg="GET /api/chair/notificationへのリクエストに対して、期待されたHTTPステータスコードが確認できませんでした (expected:200, actual:500)"
time=19:37:25.073 level=DEBUG source=/tmp/isucon14/bench/benchmarker/scenario/worldclient/worldclient.go:255 msg="GET /api/chair/notificationへのリクエストに対して、期待されたHTTPステータスコードが確認できませんでした (expected:200, actual:500)"
time=19:37:25.077 level=WARN msg="椅子の座標送信に失敗しました (CODE=1): POST /api/chair/coordinateへのリクエストに対して、期待されたHTTPステータスコードが確認できませんでした (expected:200, actual:500)"
time=19:37:25.078 level=DEBUG source=/tmp/isucon14/bench/benchmarker/scenario/worldclient/worldclient.go:255 msg="GET /api/chair/notificationへのリクエストに対して、期待されたHTTPステータスコードが確認できませんでした (expected:200, actual:500)"
time=19:37:25.078 level=WARN msg="椅子の座標送信に失敗しました (CODE=1): POST /api/chair/coordinateへのリクエストに対して、期待されたHTTPステータスコードが確認できませんでした (expected:200, actual:500)"
time=19:37:25.079 level=DEBUG source=/tmp/isucon14/bench/benchmarker/scenario/worldclient/worldclient.go:255 msg="GET /api/chair/notificationへのリクエストに対して、期待されたHTTPステータスコードが確認できませんでした (expected:200, actual:500)"
time=19:37:25.086 level=DEBUG source=/tmp/isucon14/bench/benchmarker/scenario/worldclient/worldclient.go:454 msg="GET /api/app/notificationsへのリクエストに対して、期待されたHTTPステータスコードが確認できませんでした (expected:200, actual:500)"
time=19:37:25.087 level=DEBUG source=/tmp/isucon14/bench/benchmarker/scenario/worldclient/worldclient.go:255 msg="GET /api/chair/notificationへのリクエストに対して、期待されたHTTPステータスコードが確認できませんでした (expected:200, actual:500)"
time=19:37:25.087 level=DEBUG source=/tmp/isucon14/bench/benchmarker/scenario/worldclient/worldclient.go:255 msg="GET /api/chair/notificationへのリクエストに対して、期待されたHTTPステータスコードが確認できませんでした (expected:200, actual:500)"
time=19:37:25.087 level=DEBUG source=/tmp/isucon14/bench/benchmarker/scenario/worldclient/worldclient.go:255 msg="GET /api/chair/notificationへのリクエストに対して、期待されたHTTPステータスコードが確認できませんでした (expected:200, actual:500)"
time=19:37:25.703 level=DEBUG source=/tmp/isucon14/bench/benchmarker/scenario/scenario.go:315 msg=時間経過 tick=1500
time=19:37:25.703 level=DEBUG source=/tmp/isucon14/bench/benchmarker/scenario/scenario.go:317 msg=eval reqs=183 score="[34 78 33 31 7]" criteria="[130 24 54 57]"
time=19:37:25.828 level=INFO msg=一定の売上が立ったためオーナーの椅子が増加します 名前="SitWell Designs" 増加数=1
time=19:37:25.895 level=INFO msg=一定の売上が立ったためオーナーの椅子が増加します 名前=椅子と暮らし舎 増加数=1
time=19:37:25.912 level=INFO msg=一定の売上が立ったためオーナーの椅子が増加します 名前="Chair Charm" 増加数=1
time=19:37:26.116 level=DEBUG source=/tmp/isucon14/bench/benchmarker/scenario/worldclient/worldclient.go:255 msg="GET /api/chair/notificationへのリクエストに対して、期待されたHTTPステータスコードが確認できませんでした (expected:200, actual:500)"
time=19:37:26.116 level=DEBUG source=/tmp/isucon14/bench/benchmarker/scenario/worldclient/worldclient.go:255 msg="GET /api/chair/notificationへのリクエストに対して、期待されたHTTPステータスコードが確認できませんでした (expected:200, actual:500)"
time=19:37:26.117 level=DEBUG source=/tmp/isucon14/bench/benchmarker/scenario/worldclient/worldclient.go:454 msg="GET /api/app/notificationsへのリクエストに対して、期待されたHTTPステータスコードが確認できませんでした (expected:200, actual:500)"
time=19:37:26.119 level=DEBUG source=/tmp/isucon14/bench/benchmarker/scenario/worldclient/worldclient.go:454 msg="GET /api/app/notificationsへのリクエストに対して、期待されたHTTPステータスコードが確認できませんでした (expected:200, actual:500)"
time=19:37:26.119 level=DEBUG source=/tmp/isucon14/bench/benchmarker/scenario/worldclient/worldclient.go:255 msg="GET /api/chair/notificationへのリクエストに対して、期待されたHTTPステータスコードが確認できませんでした (expected:200, actual:500)"
time=19:37:26.121 level=DEBUG source=/tmp/isucon14/bench/benchmarker/scenario/worldclient/worldclient.go:454 msg="GET /api/app/notificationsへのリクエストに対して、期待されたHTTPステータスコードが確認できませんでした (expected:200, actual:500)"
time=19:37:26.122 level=DEBUG source=/tmp/isucon14/bench/benchmarker/scenario/worldclient/worldclient.go:255 msg="GET /api/chair/notificationへのリクエストに対して、期待されたHTTPステータスコードが確認できませんでした (expected:200, actual:500)"
time=19:37:26.122 level=DEBUG source=/tmp/isucon14/bench/benchmarker/scenario/worldclient/worldclient.go:255 msg="GET /api/chair/notificationへのリクエストに対して、期待されたHTTPステータスコードが確認できませんでした (expected:200, actual:500)"
time=19:37:26.129 level=DEBUG source=/tmp/isucon14/bench/benchmarker/scenario/worldclient/worldclient.go:255 msg="GET /api/chair/notificationへのリクエストに対して、期待されたHTTPステータスコードが確認できませんでした (expected:200, actual:500)"
time=19:37:26.130 level=DEBUG source=/tmp/isucon14/bench/benchmarker/scenario/worldclient/worldclient.go:255 msg="GET /api/chair/notificationへのリクエストに対して、期待されたHTTPステータスコードが確認できませんでした (expected:200, actual:500)"
time=19:37:26.132 level=DEBUG source=/tmp/isucon14/bench/benchmarker/scenario/worldclient/worldclient.go:454 msg="GET /api/app/notificationsへのリクエストに対して、期待されたHTTPステータスコードが確認できませんでした (expected:200, actual:500)"
time=19:37:26.133 level=DEBUG source=/tmp/isucon14/bench/benchmarker/scenario/worldclient/worldclient.go:255 msg="GET /api/chair/notificationへのリクエストに対して、期待されたHTTPステータスコードが確認できませんでした (expected:200, actual:500)"
time=19:37:26.284 level=WARN msg="椅子の座標送信に失敗しました (CODE=1): POST /api/chair/coordinateへのリクエストに対して、期待されたHTTPステータスコードが確認できませんでした (expected:200, actual:500)"
time=19:37:26.284 level=DEBUG source=/tmp/isucon14/bench/benchmarker/scenario/worldclient/worldclient.go:454 msg="GET /api/app/notificationsへのリクエストに対して、期待されたHTTPステータスコードが確認できませんでした (expected:200, actual:500)"
time=19:37:26.284 level=DEBUG source=/tmp/isucon14/bench/benchmarker/scenario/worldclient/worldclient.go:454 msg="GET /api/app/notificationsへのリクエストに対して、期待されたHTTPステータスコードが確認できませんでした (expected:200, actual:500)"
time=19:37:26.284 level=DEBUG source=/tmp/isucon14/bench/benchmarker/scenario/worldclient/worldclient.go:454 msg="GET /api/app/notificationsへのリクエストに対して、期待されたHTTPステータスコードが確認できませんでした (expected:200, actual:500)"
time=19:37:26.284 level=DEBUG source=/tmp/isucon14/bench/benchmarker/scenario/worldclient/worldclient.go:454 msg="GET /api/app/notificationsへのリクエストに対して、期待されたHTTPステータスコードが確認できませんでした (expected:200, actual:500)"
time=19:37:26.284 level=DEBUG source=/tmp/isucon14/bench/benchmarker/scenario/worldclient/worldclient.go:255 msg="GET /api/chair/notificationへのリクエストに対して、期待されたHTTPステータスコードが確認できませんでした (expected:200, actual:500)"
time=19:37:26.284 level=DEBUG source=/tmp/isucon14/bench/benchmarker/scenario/worldclient/worldclient.go:454 msg="GET /api/app/notificationsへのリクエストに対して、期待されたHTTPステータスコードが確認できませんでした (expected:200, actual:500)"
time=19:37:26.284 level=DEBUG source=/tmp/isucon14/bench/benchmarker/scenario/worldclient/worldclient.go:454 msg="GET /api/app/notificationsへのリクエストに対して、期待されたHTTPステータスコードが確認できませんでした (expected:200, actual:500)"
time=19:37:26.284 level=DEBUG source=/tmp/isucon14/bench/benchmarker/scenario/worldclient/worldclient.go:255 msg="GET /api/chair/notificationへのリクエストに対して、期待されたHTTPステータスコードが確認できませんでした (expected:200, actual:500)"
time=19:37:26.284 level=DEBUG source=/tmp/isucon14/bench/benchmarker/scenario/worldclient/worldclient.go:255 msg="GET /api/chair/notificationへのリクエストに対して、期待されたHTTPステータスコードが確認できませんでした (expected:200, actual:500)"
time=19:37:26.284 level=DEBUG source=/tmp/isucon14/bench/benchmarker/scenario/worldclient/worldclient.go:454 msg="GET /api/app/notificationsへのリクエストに対して、期待されたHTTPステータスコードが確認できませんでした (expected:200, actual:500)"
time=19:37:26.284 level=DEBUG source=/tmp/isucon14/bench/benchmarker/scenario/worldclient/worldclient.go:255 msg="GET /api/chair/notificationへのリクエストに対して、期待されたHTTPステータスコードが確認できませんでした (expected:200, actual:500)"
time=19:37:26.284 level=DEBUG source=/tmp/isucon14/bench/benchmarker/scenario/worldclient/worldclient.go:255 msg="GET /api/chair/notificationへのリクエストに対して、期待されたHTTPステータスコードが確認できませんでした (expected:200, actual:500)"
time=19:37:26.284 level=DEBUG source=/tmp/isucon14/bench/benchmarker/scenario/worldclient/worldclient.go:454 msg="GET /api/app/notificationsへのリクエストに対して、期待されたHTTPステータスコードが確認できませんでした (expected:200, actual:500)"
time=19:37:26.284 level=DEBUG source=/tmp/isucon14/bench/benchmarker/scenario/worldclient/worldclient.go:255 msg="GET /api/chair/notificationへのリクエストに対して、期待されたHTTPステータスコードが確認できませんでした (expected:200, actual:500)"
time=19:37:26.284 level=DEBUG source=/tmp/isucon14/bench/benchmarker/scenario/worldclient/worldclient.go:255 msg="GET /api/chair/notificationへのリクエストに対して、期待されたHTTPステータスコードが確認できませんでした (expected:200, actual:500)"
time=19:37:26.284 level=DEBUG source=/tmp/isucon14/bench/benchmarker/scenario/worldclient/worldclient.go:255 msg="GET /api/chair/notificationへのリクエストに対して、期待されたHTTPステータスコードが確認できませんでした (expected:200, actual:500)"
time=19:37:26.295 level=DEBUG source=/tmp/isucon14/bench/benchmarker/scenario/worldclient/worldclient.go:255 msg="GET /api/chair/notificationへのリクエストに対して、期待されたHTTPステータスコードが確認できませんでした (expected:200, actual:500)"
time=19:37:26.296 level=DEBUG source=/tmp/isucon14/bench/benchmarker/scenario/worldclient/worldclient.go:454 msg="GET /api/app/notificationsへのリクエストに対して、期待されたHTTPステータスコードが確認できませんでした (expected:200, actual:500)"
time=19:37:26.296 level=DEBUG source=/tmp/isucon14/bench/benchmarker/scenario/worldclient/worldclient.go:454 msg="GET /api/app/notificationsへのリクエストに対して、期待されたHTTPステータスコードが確認できませんでした (expected:200, actual:500)"
time=19:37:26.296 level=DEBUG source=/tmp/isucon14/bench/benchmarker/scenario/worldclient/worldclient.go:454 msg="GET /api/app/notificationsへのリクエストに対して、期待されたHTTPステータスコードが確認できませんでした (expected:200, actual:500)"
time=19:37:26.296 level=DEBUG source=/tmp/isucon14/bench/benchmarker/scenario/worldclient/worldclient.go:255 msg="GET /api/chair/notificationへのリクエストに対して、期待されたHTTPステータスコードが確認できませんでした (expected:200, actual:500)"
time=19:37:26.296 level=DEBUG source=/tmp/isucon14/bench/benchmarker/scenario/worldclient/worldclient.go:255 msg="GET /api/chair/notificationへのリクエストに対して、期待されたHTTPステータスコードが確認できませんでした (expected:200, actual:500)"
time=19:37:26.296 level=DEBUG source=/tmp/isucon14/bench/benchmarker/scenario/worldclient/worldclient.go:255 msg="GET /api/chair/notificationへのリクエストに対して、期待されたHTTPステータスコードが確認できませんでした (expected:200, actual:500)"
time=19:37:26.297 level=DEBUG source=/tmp/isucon14/bench/benchmarker/scenario/worldclient/worldclient.go:255 msg="GET /api/chair/notificationへのリクエストに対して、期待されたHTTPステータスコードが確認できませんでした (expected:200, actual:500)"
time=19:37:26.297 level=DEBUG source=/tmp/isucon14/bench/benchmarker/scenario/worldclient/worldclient.go:255 msg="GET /api/chair/notificationへのリクエストに対して、期待されたHTTPステータスコードが確認できませんでした (expected:200, actual:500)"
time=19:37:26.296 level=DEBUG source=/tmp/isucon14/bench/benchmarker/scenario/worldclient/worldclient.go:255 msg="GET /api/chair/notificationへのリクエストに対して、期待されたHTTPステータスコードが確認できませんでした (expected:200, actual:500)"
time=19:37:26.305 level=DEBUG source=/tmp/isucon14/bench/benchmarker/scenario/worldclient/worldclient.go:454 msg="GET /api/app/notificationsへのリクエストに対して、期待されたHTTPステータスコードが確認できませんでした (expected:200, actual:500)"
time=19:37:26.306 level=DEBUG source=/tmp/isucon14/bench/benchmarker/scenario/worldclient/worldclient.go:454 msg="GET /api/app/notificationsへのリクエストに対して、期待されたHTTPステータスコードが確認できませんでした (expected:200, actual:500)"
time=19:37:26.306 level=DEBUG source=/tmp/isucon14/bench/benchmarker/scenario/worldclient/worldclient.go:255 msg="GET /api/chair/notificationへのリクエストに対して、期待されたHTTPステータスコードが確認できませんでした (expected:200, actual:500)"
time=19:37:26.369 level=WARN msg="椅子の座標送信に失敗しました (CODE=1): POST /api/chair/coordinateへのリクエストに対して、期待されたHTTPステータスコードが確認できませんでした (expected:200, actual:500)"
time=19:37:26.373 level=DEBUG source=/tmp/isucon14/bench/benchmarker/scenario/worldclient/worldclient.go:454 msg="GET /api/app/notificationsへのリクエストに対して、期待されたHTTPステータスコードが確認できませんでした (expected:200, actual:500)"
time=19:37:26.373 level=DEBUG source=/tmp/isucon14/bench/benchmarker/scenario/worldclient/worldclient.go:255 msg="GET /api/chair/notificationへのリクエストに対して、期待されたHTTPステータスコードが確認できませんでした (expected:200, actual:500)"
time=19:37:26.373 level=DEBUG source=/tmp/isucon14/bench/benchmarker/scenario/worldclient/worldclient.go:454 msg="GET /api/app/notificationsへのリクエストに対して、期待されたHTTPステータスコードが確認できませんでした (expected:200, actual:500)"
time=19:37:26.374 level=WARN msg="椅子の座標送信に失敗しました (CODE=1): POST /api/chair/coordinateへのリクエストに対して、期待されたHTTPステータスコードが確認できませんでした (expected:200, actual:500)"
time=19:37:26.374 level=WARN msg="椅子の座標送信に失敗しました (CODE=1): POST /api/chair/coordinateへのリクエストに対して、期待されたHTTPステータスコードが確認できませんでした (expected:200, actual:500)"
time=19:37:26.375 level=WARN msg="椅子の座標送信に失敗しました (CODE=1): POST /api/chair/coordinateへのリクエストに対して、期待されたHTTPステータスコードが確認できませんでした (expected:200, actual:500)"
time=19:37:26.376 level=WARN msg="椅子の座標送信に失敗しました (CODE=1): POST /api/chair/coordinateへのリクエストに対して、期待されたHTTPステータスコードが確認できませんでした (expected:200, actual:500)"
time=19:37:26.376 level=WARN msg="椅子の座標送信に失敗しました (CODE=1): POST /api/chair/coordinateへのリクエストに対して、期待されたHTTPステータスコードが確認できませんでした (expected:200, actual:500)"
time=19:37:26.376 level=WARN msg="椅子の座標送信に失敗しました (CODE=1): POST /api/chair/coordinateへのリクエストに対して、期待されたHTTPステータスコードが確認できませんでした (expected:200, actual:500)"
time=19:37:26.376 level=WARN msg="椅子の座標送信に失敗しました (CODE=1): POST /api/chair/coordinateへのリクエストに対して、期待されたHTTPステータスコードが確認できませんでした (expected:200, actual:500)"
time=19:37:26.378 level=WARN msg="椅子の座標送信に失敗しました (CODE=1): POST /api/chair/coordinateへのリクエストに対して、期待されたHTTPステータスコードが確認できませんでした (expected:200, actual:500)"
time=19:37:26.379 level=WARN msg="椅子の座標送信に失敗しました (CODE=1): POST /api/chair/coordinateへのリクエストに対して、期待されたHTTPステータスコードが確認できませんでした (expected:200, actual:500)"
time=19:37:26.380 level=WARN msg="椅子の座標送信に失敗しました (CODE=1): POST /api/chair/coordinateへのリクエストに対して、期待されたHTTPステータスコードが確認できませんでした (expected:200, actual:500)"
time=19:37:26.397 level=WARN msg="椅子の座標送信に失敗しました (CODE=1): POST /api/chair/coordinateへのリクエストに対して、期待されたHTTPステータスコードが確認できませんでした (expected:200, actual:500)"
time=19:37:26.747 level=DEBUG source=/tmp/isucon14/bench/benchmarker/scenario/worldclient/worldclient.go:454 msg="GET /api/app/notificationsへのリクエストに対して、期待されたHTTPステータスコードが確認できませんでした (expected:200, actual:500)"
time=19:37:26.747 level=DEBUG source=/tmp/isucon14/bench/benchmarker/scenario/worldclient/worldclient.go:255 msg="GET /api/chair/notificationへのリクエストに対して、期待されたHTTPステータスコードが確認できませんでした (expected:200, actual:500)"
time=19:37:26.747 level=DEBUG source=/tmp/isucon14/bench/benchmarker/scenario/worldclient/worldclient.go:454 msg="GET /api/app/notificationsへのリクエストに対して、期待されたHTTPステータスコードが確認できませんでした (expected:200, actual:500)"
time=19:37:26.834 level=DEBUG source=/tmp/isucon14/bench/benchmarker/scenario/worldclient/worldclient.go:454 msg="GET /api/app/notificationsへのリクエストに対して、期待されたHTTPステータスコードが確認できませんでした (expected:200, actual:500)"
time=19:37:26.853 level=DEBUG source=/tmp/isucon14/bench/benchmarker/scenario/worldclient/worldclient.go:454 msg="GET /api/app/notificationsへのリクエストに対して、期待されたHTTPステータスコードが確認できませんでした (expected:200, actual:500)"
time=19:37:26.854 level=DEBUG source=/tmp/isucon14/bench/benchmarker/scenario/worldclient/worldclient.go:255 msg="GET /api/chair/notificationへのリクエストに対して、期待されたHTTPステータスコードが確認できませんでした (expected:200, actual:500)"
time=19:37:26.854 level=DEBUG source=/tmp/isucon14/bench/benchmarker/scenario/worldclient/worldclient.go:255 msg="GET /api/chair/notificationへのリクエストに対して、期待されたHTTPステータスコードが確認できませんでした (expected:200, actual:500)"
time=19:37:26.985 level=WARN msg="ユーザーが新しくライドを作成できませんでした (CODE=8): POST /api/app/ridesへのリクエストに対して、期待されたHTTPステータスコードが確認できませんでした (expected:202, actual:500)"
time=19:37:26.986 level=DEBUG source=/tmp/isucon14/bench/benchmarker/scenario/worldclient/worldclient.go:454 msg="GET /api/app/notificationsへのリクエストに対して、期待されたHTTPステータスコードが確認できませんでした (expected:200, actual:500)"
time=19:37:26.989 level=DEBUG source=/tmp/isucon14/bench/benchmarker/scenario/worldclient/worldclient.go:454 msg="GET /api/app/notificationsへのリクエストに対して、期待されたHTTPステータスコードが確認できませんでした (expected:200, actual:500)"
time=19:37:26.990 level=DEBUG source=/tmp/isucon14/bench/benchmarker/scenario/worldclient/worldclient.go:454 msg="GET /api/app/notificationsへのリクエストに対して、期待されたHTTPステータスコードが確認できませんでした (expected:200, actual:500)"
time=19:37:26.991 level=DEBUG source=/tmp/isucon14/bench/benchmarker/scenario/worldclient/worldclient.go:454 msg="GET /api/app/notificationsへのリクエストに対して、期待されたHTTPステータスコードが確認できませんでした (expected:200, actual:500)"
time=19:37:27.003 level=WARN msg="椅子の座標送信に失敗しました (CODE=1): POST /api/chair/coordinateへのリクエストに対して、期待されたHTTPステータスコードが確認できませんでした (expected:200, actual:500)"
time=19:37:27.134 level=WARN msg="椅子の座標送信に失敗しました (CODE=1): POST /api/chair/coordinateへのリクエストに対して、期待されたHTTPステータスコードが確認できませんでした (expected:200, actual:500)"
time=19:37:27.135 level=WARN msg="椅子の座標送信に失敗しました (CODE=1): POST /api/chair/coordinateへのリクエストに対して、期待されたHTTPステータスコードが確認できませんでした (expected:200, actual:500)"
time=19:37:27.145 level=DEBUG source=/tmp/isucon14/bench/benchmarker/scenario/worldclient/worldclient.go:255 msg="GET /api/chair/notificationへのリクエストに対して、期待されたHTTPステータスコードが確認できませんでした (expected:200, actual:500)"
time=19:37:27.146 level=DEBUG source=/tmp/isucon14/bench/benchmarker/scenario/worldclient/worldclient.go:255 msg="GET /api/chair/notificationへのリクエストに対して、期待されたHTTPステータスコードが確認できませんでした (expected:200, actual:500)"
time=19:37:27.160 level=WARN msg="椅子の座標送信に失敗しました (CODE=1): POST /api/chair/coordinateへのリクエストに対して、期待されたHTTPステータスコードが確認できませんでした (expected:200, actual:500)"
time=19:37:27.160 level=WARN msg="椅子の座標送信に失敗しました (CODE=1): POST /api/chair/coordinateへのリクエストに対して、期待されたHTTPステータスコードが確認できませんでした (expected:200, actual:500)"
time=19:37:27.160 level=WARN msg="椅子の座標送信に失敗しました (CODE=1): POST /api/chair/coordinateへのリクエストに対して、期待されたHTTPステータスコードが確認できませんでした (expected:200, actual:500)"
time=19:37:27.160 level=WARN msg="椅子の座標送信に失敗しました (CODE=1): POST /api/chair/coordinateへのリクエストに対して、期待されたHTTPステータスコードが確認できませんでした (expected:200, actual:500)"
time=19:37:27.160 level=WARN msg="椅子の座標送信に失敗しました (CODE=1): POST /api/chair/coordinateへのリクエストに対して、期待されたHTTPステータスコードが確認できませんでした (expected:200, actual:500)"
time=19:37:27.160 level=WARN msg="椅子の座標送信に失敗しました (CODE=1): POST /api/chair/coordinateへのリクエストに対して、期待されたHTTPステータスコードが確認できませんでした (expected:200, actual:500)"
time=19:37:27.160 level=WARN msg="椅子の座標送信に失敗しました (CODE=1): POST /api/chair/coordinateへのリクエストに対して、期待されたHTTPステータスコードが確認できませんでした (expected:200, actual:500)"
time=19:37:27.160 level=WARN msg="椅子の座標送信に失敗しました (CODE=1): POST /api/chair/coordinateへのリクエストに対して、期待されたHTTPステータスコードが確認できませんでした (expected:200, actual:500)"
time=19:37:27.160 level=WARN msg="椅子の座標送信に失敗しました (CODE=1): POST /api/chair/coordinateへのリクエストに対して、期待されたHTTPステータスコードが確認できませんでした (expected:200, actual:500)"
time=19:37:27.162 level=WARN msg="椅子の座標送信に失敗しました (CODE=1): POST /api/chair/coordinateへのリクエストに対して、期待されたHTTPステータスコードが確認できませんでした (expected:200, actual:500)"
time=19:37:27.162 level=WARN msg="椅子の座標送信に失敗しました (CODE=1): POST /api/chair/coordinateへのリクエストに対して、期待されたHTTPステータスコードが確認できませんでした (expected:200, actual:500)"
time=19:37:27.162 level=WARN msg="椅子の座標送信に失敗しました (CODE=1): POST /api/chair/coordinateへのリクエストに対して、期待されたHTTPステータスコードが確認できませんでした (expected:200, actual:500)"
time=19:37:27.162 level=WARN msg="椅子の座標送信に失敗しました (CODE=1): POST /api/chair/coordinateへのリクエストに対して、期待されたHTTPステータスコードが確認できませんでした (expected:200, actual:500)"
time=19:37:27.505 level=DEBUG source=/tmp/isucon14/bench/benchmarker/scenario/scenario.go:315 msg=時間経過 tick=1560
time=19:37:27.505 level=DEBUG source=/tmp/isucon14/bench/benchmarker/scenario/scenario.go:317 msg=eval reqs=198 score="[34 89 36 32 7]" criteria="[145 27 55 58]"
time=19:37:27.620 level=INFO msg=一定の売上が立ったためオーナーの椅子が増加します 名前=ChairCycle 増加数=1
time=19:37:27.659 level=INFO msg=一定の売上が立ったためオーナーの椅子が増加します 名前=GoEase 増加数=1
time=19:37:27.705 level=DEBUG source=/tmp/isucon14/bench/benchmarker/scenario/worldclient/worldclient.go:255 msg="GET /api/chair/notificationへのリクエストに対して、期待されたHTTPステータスコードが確認できませんでした (expected:200, actual:500)"
time=19:37:27.717 level=DEBUG source=/tmp/isucon14/bench/benchmarker/scenario/worldclient/worldclient.go:255 msg="GET /api/chair/notificationへのリクエストに対して、期待されたHTTPステータスコードが確認できませんでした (expected:200, actual:500)"
time=19:37:27.718 level=DEBUG source=/tmp/isucon14/bench/benchmarker/scenario/worldclient/worldclient.go:454 msg="GET /api/app/notificationsへのリクエストに対して、期待されたHTTPステータスコードが確認できませんでした (expected:200, actual:500)"
time=19:37:27.718 level=DEBUG source=/tmp/isucon14/bench/benchmarker/scenario/worldclient/worldclient.go:454 msg="GET /api/app/notificationsへのリクエストに対して、期待されたHTTPステータスコードが確認できませんでした (expected:200, actual:500)"
time=19:37:27.718 level=DEBUG source=/tmp/isucon14/bench/benchmarker/scenario/worldclient/worldclient.go:255 msg="GET /api/chair/notificationへのリクエストに対して、期待されたHTTPステータスコードが確認できませんでした (expected:200, actual:500)"
time=19:37:27.719 level=DEBUG source=/tmp/isucon14/bench/benchmarker/scenario/worldclient/worldclient.go:454 msg="GET /api/app/notificationsへのリクエストに対して、期待されたHTTPステータスコードが確認できませんでした (expected:200, actual:500)"
time=19:37:27.720 level=DEBUG source=/tmp/isucon14/bench/benchmarker/scenario/worldclient/worldclient.go:255 msg="GET /api/chair/notificationへのリクエストに対して、期待されたHTTPステータスコードが確認できませんでした (expected:200, actual:500)"
time=19:37:27.721 level=DEBUG source=/tmp/isucon14/bench/benchmarker/scenario/worldclient/worldclient.go:454 msg="GET /api/app/notificationsへのリクエストに対して、期待されたHTTPステータスコードが確認できませんでした (expected:200, actual:500)"
time=19:37:27.721 level=DEBUG source=/tmp/isucon14/bench/benchmarker/scenario/worldclient/worldclient.go:454 msg="GET /api/app/notificationsへのリクエストに対して、期待されたHTTPステータスコードが確認できませんでした (expected:200, actual:500)"
time=19:37:27.755 level=INFO msg=一定の売上が立ったためオーナーの椅子が増加します 名前=椅子と暮らし舎 増加数=1
time=19:37:27.796 level=WARN msg="椅子がライドを受理できませんでした (CODE=3): POST /api/chair/rides/{rideID}/statusへのリクエストに対して、期待されたHTTPステータスコードが確認できませんでした (expected:204, actual:500)"
time=19:37:27.796 level=WARN msg="椅子の座標送信に失敗しました (CODE=1): POST /api/chair/coordinateへのリクエストに対して、期待されたHTTPステータスコードが確認できませんでした (expected:200, actual:500)"
time=19:37:27.796 level=WARN msg="椅子の座標送信に失敗しました (CODE=1): POST /api/chair/coordinateへのリクエストに対して、期待されたHTTPステータスコードが確認できませんでした (expected:200, actual:500)"
time=19:37:27.796 level=WARN msg="椅子の座標送信に失敗しました (CODE=1): POST /api/chair/coordinateへのリクエストに対して、期待されたHTTPステータスコードが確認できませんでした (expected:200, actual:500)"
time=19:37:27.796 level=WARN msg="椅子がアクティベートに失敗しました (CODE=13): POST /api/chair/activityへのリクエストに対して、期待されたHTTPステータスコードが確認できませんでした (expected:204, actual:500)"
time=19:37:27.796 level=WARN msg="椅子の座標送信に失敗しました (CODE=1): POST /api/chair/coordinateへのリクエストに対して、期待されたHTTPステータスコードが確認できませんでした (expected:200, actual:500)"
time=19:37:27.796 level=WARN msg="椅子の座標送信に失敗しました (CODE=1): POST /api/chair/coordinateへのリクエストに対して、期待されたHTTPステータスコードが確認できませんでした (expected:200, actual:500)"
time=19:37:27.796 level=WARN msg="椅子の座標送信に失敗しました (CODE=1): POST /api/chair/coordinateへのリクエストに対して、期待されたHTTPステータスコードが確認できませんでした (expected:200, actual:500)"
time=19:37:27.800 level=DEBUG source=/tmp/isucon14/bench/benchmarker/scenario/worldclient/worldclient.go:454 msg="GET /api/app/notificationsへのリクエストに対して、期待されたHTTPステータスコードが確認できませんでした (expected:200, actual:500)"
time=19:37:27.800 level=DEBUG source=/tmp/isucon14/bench/benchmarker/scenario/worldclient/worldclient.go:255 msg="GET /api/chair/notificationへのリクエストに対して、期待されたHTTPステータスコードが確認できませんでした (expected:200, actual:500)"
time=19:37:27.815 level=WARN msg="椅子の座標送信に失敗しました (CODE=1): POST /api/chair/coordinateへのリクエストに対して、期待されたHTTPステータスコードが確認できませんでした (expected:200, actual:500)"
time=19:37:27.815 level=WARN msg="椅子の座標送信に失敗しました (CODE=1): POST /api/chair/coordinateへのリクエストに対して、期待されたHTTPステータスコードが確認できませんでした (expected:200, actual:500)"
time=19:37:27.815 level=WARN msg="椅子の座標送信に失敗しました (CODE=1): POST /api/chair/coordinateへのリクエストに対して、期待されたHTTPステータスコードが確認できませんでした (expected:200, actual:500)"
time=19:37:27.815 level=WARN msg="椅子の座標送信に失敗しました (CODE=1): POST /api/chair/coordinateへのリクエストに対して、期待されたHTTPステータスコードが確認できませんでした (expected:200, actual:500)"
time=19:37:27.815 level=WARN msg="椅子の座標送信に失敗しました (CODE=1): POST /api/chair/coordinateへのリクエストに対して、期待されたHTTPステータスコードが確認できませんでした (expected:200, actual:500)"
time=19:37:27.816 level=WARN msg="椅子がアクティベートに失敗しました (CODE=13): POST /api/chair/activityへのリクエストに対して、期待されたHTTPステータスコードが確認できませんでした (expected:204, actual:500)"
time=19:37:27.832 level=WARN msg="椅子の座標送信に失敗しました (CODE=1): POST /api/chair/coordinateへのリクエストに対して、期待されたHTTPステータスコードが確認できませんでした (expected:200, actual:500)"
time=19:37:28.292 level=DEBUG source=/tmp/isucon14/bench/benchmarker/scenario/worldclient/worldclient.go:255 msg="GET /api/chair/notificationへのリクエストに対して、期待されたHTTPステータスコードが確認できませんでした (expected:200, actual:500)"
time=19:37:28.293 level=DEBUG source=/tmp/isucon14/bench/benchmarker/scenario/worldclient/worldclient.go:454 msg="GET /api/app/notificationsへのリクエストに対して、期待されたHTTPステータスコードが確認できませんでした (expected:200, actual:500)"
time=19:37:28.645 level=DEBUG source=/tmp/isucon14/bench/benchmarker/scenario/worldclient/worldclient.go:255 msg="GET /api/chair/notificationへのリクエストに対して、期待されたHTTPステータスコードが確認できませんでした (expected:200, actual:500)"
time=19:37:28.645 level=DEBUG source=/tmp/isucon14/bench/benchmarker/scenario/worldclient/worldclient.go:454 msg="GET /api/app/notificationsへのリクエストに対して、期待されたHTTPステータスコードが確認できませんでした (expected:200, actual:500)"
time=19:37:28.646 level=WARN msg="椅子の座標送信に失敗しました (CODE=1): POST /api/chair/coordinateへのリクエストに対して、期待されたHTTPステータスコードが確認できませんでした (expected:200, actual:500)"
time=19:37:28.646 level=DEBUG source=/tmp/isucon14/bench/benchmarker/scenario/worldclient/worldclient.go:255 msg="GET /api/chair/notificationへのリクエストに対して、期待されたHTTPステータスコードが確認できませんでした (expected:200, actual:500)"
time=19:37:28.646 level=DEBUG source=/tmp/isucon14/bench/benchmarker/scenario/worldclient/worldclient.go:454 msg="GET /api/app/notificationsへのリクエストに対して、期待されたHTTPステータスコードが確認できませんでした (expected:200, actual:500)"
time=19:37:28.647 level=DEBUG source=/tmp/isucon14/bench/benchmarker/scenario/worldclient/worldclient.go:255 msg="GET /api/chair/notificationへのリクエストに対して、期待されたHTTPステータスコードが確認できませんでした (expected:200, actual:500)"
time=19:37:28.647 level=DEBUG source=/tmp/isucon14/bench/benchmarker/scenario/worldclient/worldclient.go:454 msg="GET /api/app/notificationsへのリクエストに対して、期待されたHTTPステータスコードが確認できませんでした (expected:200, actual:500)"
time=19:37:28.647 level=DEBUG source=/tmp/isucon14/bench/benchmarker/scenario/worldclient/worldclient.go:255 msg="GET /api/chair/notificationへのリクエストに対して、期待されたHTTPステータスコードが確認できませんでした (expected:200, actual:500)"
time=19:37:28.647 level=DEBUG source=/tmp/isucon14/bench/benchmarker/scenario/worldclient/worldclient.go:255 msg="GET /api/chair/notificationへのリクエストに対して、期待されたHTTPステータスコードが確認できませんでした (expected:200, actual:500)"
time=19:37:28.647 level=DEBUG source=/tmp/isucon14/bench/benchmarker/scenario/worldclient/worldclient.go:255 msg="GET /api/chair/notificationへのリクエストに対して、期待されたHTTPステータスコードが確認できませんでした (expected:200, actual:500)"
time=19:37:28.648 level=WARN msg="椅子の座標送信に失敗しました (CODE=1): POST /api/chair/coordinateへのリクエストに対して、期待されたHTTPステータスコードが確認できませんでした (expected:200, actual:500)"
time=19:37:28.648 level=WARN msg="椅子の座標送信に失敗しました (CODE=1): POST /api/chair/coordinateへのリクエストに対して、期待されたHTTPステータスコードが確認できませんでした (expected:200, actual:500)"
time=19:37:28.648 level=WARN msg="椅子の座標送信に失敗しました (CODE=1): POST /api/chair/coordinateへのリクエストに対して、期待されたHTTPステータスコードが確認できませんでした (expected:200, actual:500)"
time=19:37:28.648 level=DEBUG source=/tmp/isucon14/bench/benchmarker/scenario/worldclient/worldclient.go:255 msg="GET /api/chair/notificationへのリクエストに対して、期待されたHTTPステータスコードが確認できませんでした (expected:200, actual:500)"
time=19:37:28.648 level=DEBUG source=/tmp/isucon14/bench/benchmarker/scenario/worldclient/worldclient.go:454 msg="GET /api/app/notificationsへのリクエストに対して、期待されたHTTPステータスコードが確認できませんでした (expected:200, actual:500)"
time=19:37:28.648 level=DEBUG source=/tmp/isucon14/bench/benchmarker/scenario/worldclient/worldclient.go:255 msg="GET /api/chair/notificationへのリクエストに対して、期待されたHTTPステータスコードが確認できませんでした (expected:200, actual:500)"
time=19:37:28.648 level=DEBUG source=/tmp/isucon14/bench/benchmarker/scenario/worldclient/worldclient.go:255 msg="GET /api/chair/notificationへのリクエストに対して、期待されたHTTPステータスコードが確認できませんでした (expected:200, actual:500)"
time=19:37:28.649 level=WARN msg="椅子の座標送信に失敗しました (CODE=1): POST /api/chair/coordinateへのリクエストに対して、期待されたHTTPステータスコードが確認できませんでした (expected:200, actual:500)"
time=19:37:28.652 level=DEBUG source=/tmp/isucon14/bench/benchmarker/scenario/worldclient/worldclient.go:255 msg="GET /api/chair/notificationへのリクエストに対して、期待されたHTTPステータスコードが確認できませんでした (expected:200, actual:500)"
time=19:37:28.653 level=WARN msg="椅子の座標送信に失敗しました (CODE=1): POST /api/chair/coordinateへのリクエストに対して、期待されたHTTPステータスコードが確認できませんでした (expected:200, actual:500)"
time=19:37:28.653 level=WARN msg="椅子の座標送信に失敗しました (CODE=1): POST /api/chair/coordinateへのリクエストに対して、期待されたHTTPステータスコードが確認できませんでした (expected:200, actual:500)"
time=19:37:28.653 level=WARN msg="椅子の座標送信に失敗しました (CODE=1): POST /api/chair/coordinateへのリクエストに対して、期待されたHTTPステータスコードが確認できませんでした (expected:200, actual:500)"
time=19:37:28.660 level=DEBUG source=/tmp/isucon14/bench/benchmarker/scenario/worldclient/worldclient.go:454 msg="GET /api/app/notificationsへのリクエストに対して、期待されたHTTPステータスコードが確認できませんでした (expected:200, actual:500)"
time=19:37:28.661 level=DEBUG source=/tmp/isucon14/bench/benchmarker/scenario/worldclient/worldclient.go:255 msg="GET /api/chair/notificationへのリクエストに対して、期待されたHTTPステータスコードが確認できませんでした (expected:200, actual:500)"
time=19:37:28.661 level=DEBUG source=/tmp/isucon14/bench/benchmarker/scenario/worldclient/worldclient.go:454 msg="GET /api/app/notificationsへのリクエストに対して、期待されたHTTPステータスコードが確認できませんでした (expected:200, actual:500)"
time=19:37:28.662 level=WARN msg="椅子の座標送信に失敗しました (CODE=1): POST /api/chair/coordinateへのリクエストに対して、期待されたHTTPステータスコードが確認できませんでした (expected:200, actual:500)"
time=19:37:28.664 level=DEBUG source=/tmp/isucon14/bench/benchmarker/scenario/worldclient/worldclient.go:454 msg="GET /api/app/notificationsへのリクエストに対して、期待されたHTTPステータスコードが確認できませんでした (expected:200, actual:500)"
time=19:37:28.668 level=WARN msg="椅子の座標送信に失敗しました (CODE=1): POST /api/chair/coordinateへのリクエストに対して、期待されたHTTPステータスコードが確認できませんでした (expected:200, actual:500)"
time=19:37:28.668 level=WARN msg="椅子の座標送信に失敗しました (CODE=1): POST /api/chair/coordinateへのリクエストに対して、期待されたHTTPステータスコードが確認できませんでした (expected:200, actual:500)"
time=19:37:28.672 level=DEBUG source=/tmp/isucon14/bench/benchmarker/scenario/worldclient/worldclient.go:255 msg="GET /api/chair/notificationへのリクエストに対して、期待されたHTTPステータスコードが確認できませんでした (expected:200, actual:500)"
time=19:37:28.675 level=WARN msg="椅子の座標送信に失敗しました (CODE=1): POST /api/chair/coordinateへのリクエストに対して、期待されたHTTPステータスコードが確認できませんでした (expected:200, actual:500)"
time=19:37:28.677 level=DEBUG source=/tmp/isucon14/bench/benchmarker/scenario/worldclient/worldclient.go:255 msg="GET /api/chair/notificationへのリクエストに対して、期待されたHTTPステータスコードが確認できませんでした (expected:200, actual:500)"
time=19:37:28.675 level=WARN msg="椅子の座標送信に失敗しました (CODE=1): POST /api/chair/coordinateへのリクエストに対して、期待されたHTTPステータスコードが確認できませんでした (expected:200, actual:500)"
time=19:37:28.675 level=WARN msg="椅子の座標送信に失敗しました (CODE=1): POST /api/chair/coordinateへのリクエストに対して、期待されたHTTPステータスコードが確認できませんでした (expected:200, actual:500)"
time=19:37:28.676 level=WARN msg="椅子の座標送信に失敗しました (CODE=1): POST /api/chair/coordinateへのリクエストに対して、期待されたHTTPステータスコードが確認できませんでした (expected:200, actual:500)"
time=19:37:28.676 level=WARN msg="椅子の座標送信に失敗しました (CODE=1): POST /api/chair/coordinateへのリクエストに対して、期待されたHTTPステータスコードが確認できませんでした (expected:200, actual:500)"
time=19:37:28.676 level=WARN msg="椅子の座標送信に失敗しました (CODE=1): POST /api/chair/coordinateへのリクエストに対して、期待されたHTTPステータスコードが確認できませんでした (expected:200, actual:500)"
time=19:37:28.683 level=DEBUG source=/tmp/isucon14/bench/benchmarker/scenario/worldclient/worldclient.go:454 msg="GET /api/app/notificationsへのリクエストに対して、期待されたHTTPステータスコードが確認できませんでした (expected:200, actual:500)"
time=19:37:28.684 level=DEBUG source=/tmp/isucon14/bench/benchmarker/scenario/worldclient/worldclient.go:454 msg="GET /api/app/notificationsへのリクエストに対して、期待されたHTTPステータスコードが確認できませんでした (expected:200, actual:500)"
time=19:37:28.684 level=WARN msg="椅子の座標送信に失敗しました (CODE=1): POST /api/chair/coordinateへのリクエストに対して、期待されたHTTPステータスコードが確認できませんでした (expected:200, actual:500)"
time=19:37:28.684 level=WARN msg="椅子が出発できませんでした (CODE=2): POST /api/chair/rides/{rideID}/statusへのリクエストに対して、期待されたHTTPステータスコードが確認できませんでした (expected:204, actual:500)"
time=19:37:28.684 level=DEBUG source=/tmp/isucon14/bench/benchmarker/scenario/worldclient/worldclient.go:454 msg="GET /api/app/notificationsへのリクエストに対して、期待されたHTTPステータスコードが確認できませんでした (expected:200, actual:500)"
time=19:37:28.684 level=DEBUG source=/tmp/isucon14/bench/benchmarker/scenario/worldclient/worldclient.go:255 msg="GET /api/chair/notificationへのリクエストに対して、期待されたHTTPステータスコードが確認できませんでした (expected:200, actual:500)"
time=19:37:28.692 level=DEBUG source=/tmp/isucon14/bench/benchmarker/scenario/worldclient/worldclient.go:454 msg="GET /api/app/notificationsへのリクエストに対して、期待されたHTTPステータスコードが確認できませんでした (expected:200, actual:500)"
time=19:37:28.693 level=DEBUG source=/tmp/isucon14/bench/benchmarker/scenario/worldclient/worldclient.go:255 msg="GET /api/chair/notificationへのリクエストに対して、期待されたHTTPステータスコードが確認できませんでした (expected:200, actual:500)"
time=19:37:28.776 level=DEBUG source=/tmp/isucon14/bench/benchmarker/scenario/worldclient/worldclient.go:255 msg="GET /api/chair/notificationへのリクエストに対して、期待されたHTTPステータスコードが確認できませんでした (expected:200, actual:500)"
time=19:37:28.776 level=DEBUG source=/tmp/isucon14/bench/benchmarker/scenario/worldclient/worldclient.go:454 msg="GET /api/app/notificationsへのリクエストに対して、期待されたHTTPステータスコードが確認できませんでした (expected:200, actual:500)"
time=19:37:28.776 level=DEBUG source=/tmp/isucon14/bench/benchmarker/scenario/worldclient/worldclient.go:454 msg="GET /api/app/notificationsへのリクエストに対して、期待されたHTTPステータスコードが確認できませんでした (expected:200, actual:500)"
time=19:37:28.777 level=DEBUG source=/tmp/isucon14/bench/benchmarker/scenario/worldclient/worldclient.go:255 msg="GET /api/chair/notificationへのリクエストに対して、期待されたHTTPステータスコードが確認できませんでした (expected:200, actual:500)"
time=19:37:28.777 level=DEBUG source=/tmp/isucon14/bench/benchmarker/scenario/worldclient/worldclient.go:454 msg="GET /api/app/notificationsへのリクエストに対して、期待されたHTTPステータスコードが確認できませんでした (expected:200, actual:500)"
time=19:37:29.167 level=DEBUG source=/tmp/isucon14/bench/benchmarker/scenario/worldclient/worldclient.go:454 msg="GET /api/app/notificationsへのリクエストに対して、期待されたHTTPステータスコードが確認できませんでした (expected:200, actual:500)"
time=19:37:29.168 level=DEBUG source=/tmp/isucon14/bench/benchmarker/scenario/worldclient/worldclient.go:255 msg="GET /api/chair/notificationへのリクエストに対して、期待されたHTTPステータスコードが確認できませんでした (expected:200, actual:500)"
time=19:37:29.168 level=DEBUG source=/tmp/isucon14/bench/benchmarker/scenario/worldclient/worldclient.go:255 msg="GET /api/chair/notificationへのリクエストに対して、期待されたHTTPステータスコードが確認できませんでした (expected:200, actual:500)"
time=19:37:29.170 level=DEBUG source=/tmp/isucon14/bench/benchmarker/scenario/worldclient/worldclient.go:255 msg="GET /api/chair/notificationへのリクエストに対して、期待されたHTTPステータスコードが確認できませんでした (expected:200, actual:500)"
time=19:37:29.171 level=DEBUG source=/tmp/isucon14/bench/benchmarker/scenario/worldclient/worldclient.go:454 msg="GET /api/app/notificationsへのリクエストに対して、期待されたHTTPステータスコードが確認できませんでした (expected:200, actual:500)"
time=19:37:29.171 level=DEBUG source=/tmp/isucon14/bench/benchmarker/scenario/worldclient/worldclient.go:454 msg="GET /api/app/notificationsへのリクエストに対して、期待されたHTTPステータスコードが確認できませんでした (expected:200, actual:500)"
time=19:37:29.171 level=DEBUG source=/tmp/isucon14/bench/benchmarker/scenario/worldclient/worldclient.go:454 msg="GET /api/app/notificationsへのリクエストに対して、期待されたHTTPステータスコードが確認できませんでした (expected:200, actual:500)"
time=19:37:29.171 level=DEBUG source=/tmp/isucon14/bench/benchmarker/scenario/worldclient/worldclient.go:454 msg="GET /api/app/notificationsへのリクエストに対して、期待されたHTTPステータスコードが確認できませんでした (expected:200, actual:500)"
time=19:37:29.172 level=DEBUG source=/tmp/isucon14/bench/benchmarker/scenario/worldclient/worldclient.go:454 msg="GET /api/app/notificationsへのリクエストに対して、期待されたHTTPステータスコードが確認できませんでした (expected:200, actual:500)"
time=19:37:29.172 level=DEBUG source=/tmp/isucon14/bench/benchmarker/scenario/worldclient/worldclient.go:255 msg="GET /api/chair/notificationへのリクエストに対して、期待されたHTTPステータスコードが確認できませんでした (expected:200, actual:500)"
time=19:37:29.173 level=DEBUG source=/tmp/isucon14/bench/benchmarker/scenario/worldclient/worldclient.go:255 msg="GET /api/chair/notificationへのリクエストに対して、期待されたHTTPステータスコードが確認できませんでした (expected:200, actual:500)"
time=19:37:29.174 level=DEBUG source=/tmp/isucon14/bench/benchmarker/scenario/worldclient/worldclient.go:255 msg="GET /api/chair/notificationへのリクエストに対して、期待されたHTTPステータスコードが確認できませんでした (expected:200, actual:500)"
time=19:37:29.174 level=DEBUG source=/tmp/isucon14/bench/benchmarker/scenario/worldclient/worldclient.go:454 msg="GET /api/app/notificationsへのリクエストに対して、期待されたHTTPステータスコードが確認できませんでした (expected:200, actual:500)"
time=19:37:29.178 level=DEBUG source=/tmp/isucon14/bench/benchmarker/scenario/worldclient/worldclient.go:255 msg="GET /api/chair/notificationへのリクエストに対して、期待されたHTTPステータスコードが確認できませんでした (expected:200, actual:500)"
time=19:37:29.303 level=INFO msg=これまでに地域内の評判によって87人、既存ユーザーの招待経由で39人が新規登録しました
time=19:37:29.303 level=INFO msg=これまでに低評価なライドによって65人が利用をやめました
time=19:37:29.303 level=INFO msg=26.6%のライドは椅子がマッチされるまでの時間、85.7%のライドはマッチされた椅子が乗車地点までに掛かる時間、71.7%のライドは椅子の実移動時間に不満がありました
time=19:37:29.303 level=DEBUG source=/tmp/isucon14/bench/benchmarker/scenario/scenario.go:315 msg=時間経過 tick=1620
time=19:37:29.303 level=DEBUG source=/tmp/isucon14/bench/benchmarker/scenario/scenario.go:317 msg=eval reqs=203 score="[35 90 38 33 7]" criteria="[149 29 56 59]"
time=19:37:29.327 level=DEBUG source=/tmp/isucon14/bench/benchmarker/scenario/worldclient/worldclient.go:255 msg="GET /api/chair/notificationへのリクエストに対して、期待されたHTTPステータスコードが確認できませんでした (expected:200, actual:500)"
time=19:37:29.327 level=DEBUG source=/tmp/isucon14/bench/benchmarker/scenario/worldclient/worldclient.go:255 msg="GET /api/chair/notificationへのリクエストに対して、期待されたHTTPステータスコードが確認できませんでした (expected:200, actual:500)"
time=19:37:29.327 level=DEBUG source=/tmp/isucon14/bench/benchmarker/scenario/worldclient/worldclient.go:454 msg="GET /api/app/notificationsへのリクエストに対して、期待されたHTTPステータスコードが確認できませんでした (expected:200, actual:500)"
time=19:37:29.328 level=DEBUG source=/tmp/isucon14/bench/benchmarker/scenario/worldclient/worldclient.go:255 msg="GET /api/chair/notificationへのリクエストに対して、期待されたHTTPステータスコードが確認できませんでした (expected:200, actual:500)"
time=19:37:29.328 level=DEBUG source=/tmp/isucon14/bench/benchmarker/scenario/worldclient/worldclient.go:454 msg="GET /api/app/notificationsへのリクエストに対して、期待されたHTTPステータスコードが確認できませんでした (expected:200, actual:500)"
time=19:37:29.328 level=DEBUG source=/tmp/isucon14/bench/benchmarker/scenario/worldclient/worldclient.go:454 msg="GET /api/app/notificationsへのリクエストに対して、期待されたHTTPステータスコードが確認できませんでした (expected:200, actual:500)"
time=19:37:29.328 level=DEBUG source=/tmp/isucon14/bench/benchmarker/scenario/worldclient/worldclient.go:454 msg="GET /api/app/notificationsへのリクエストに対して、期待されたHTTPステータスコードが確認できませんでした (expected:200, actual:500)"
time=19:37:29.329 level=DEBUG source=/tmp/isucon14/bench/benchmarker/scenario/worldclient/worldclient.go:454 msg="GET /api/app/notificationsへのリクエストに対して、期待されたHTTPステータスコードが確認できませんでした (expected:200, actual:500)"
time=19:37:29.329 level=DEBUG source=/tmp/isucon14/bench/benchmarker/scenario/worldclient/worldclient.go:255 msg="GET /api/chair/notificationへのリクエストに対して、期待されたHTTPステータスコードが確認できませんでした (expected:200, actual:500)"
time=19:37:29.329 level=DEBUG source=/tmp/isucon14/bench/benchmarker/scenario/worldclient/worldclient.go:454 msg="GET /api/app/notificationsへのリクエストに対して、期待されたHTTPステータスコードが確認できませんでした (expected:200, actual:500)"
time=19:37:29.329 level=DEBUG source=/tmp/isucon14/bench/benchmarker/scenario/worldclient/worldclient.go:454 msg="GET /api/app/notificationsへのリクエストに対して、期待されたHTTPステータスコードが確認できませんでした (expected:200, actual:500)"
time=19:37:29.333 level=DEBUG source=/tmp/isucon14/bench/benchmarker/scenario/worldclient/worldclient.go:454 msg="GET /api/app/notificationsへのリクエストに対して、期待されたHTTPステータスコードが確認できませんでした (expected:200, actual:500)"
time=19:37:29.333 level=WARN msg="椅子の座標送信に失敗しました (CODE=1): POST /api/chair/coordinateへのリクエストに対して、期待されたHTTPステータスコードが確認できませんでした (expected:200, actual:500)"
time=19:37:29.334 level=DEBUG source=/tmp/isucon14/bench/benchmarker/scenario/worldclient/worldclient.go:255 msg="GET /api/chair/notificationへのリクエストに対して、期待されたHTTPステータスコードが確認できませんでした (expected:200, actual:500)"
time=19:37:29.335 level=DEBUG source=/tmp/isucon14/bench/benchmarker/scenario/worldclient/worldclient.go:255 msg="GET /api/chair/notificationへのリクエストに対して、期待されたHTTPステータスコードが確認できませんでした (expected:200, actual:500)"
time=19:37:29.335 level=DEBUG source=/tmp/isucon14/bench/benchmarker/scenario/worldclient/worldclient.go:255 msg="GET /api/chair/notificationへのリクエストに対して、期待されたHTTPステータスコードが確認できませんでした (expected:200, actual:500)"
time=19:37:29.335 level=DEBUG source=/tmp/isucon14/bench/benchmarker/scenario/worldclient/worldclient.go:255 msg="GET /api/chair/notificationへのリクエストに対して、期待されたHTTPステータスコードが確認できませんでした (expected:200, actual:500)"
time=19:37:29.337 level=DEBUG source=/tmp/isucon14/bench/benchmarker/scenario/worldclient/worldclient.go:255 msg="GET /api/chair/notificationへのリクエストに対して、期待されたHTTPステータスコードが確認できませんでした (expected:200, actual:500)"
time=19:37:29.337 level=DEBUG source=/tmp/isucon14/bench/benchmarker/scenario/worldclient/worldclient.go:255 msg="GET /api/chair/notificationへのリクエストに対して、期待されたHTTPステータスコードが確認できませんでした (expected:200, actual:500)"
time=19:37:29.337 level=DEBUG source=/tmp/isucon14/bench/benchmarker/scenario/worldclient/worldclient.go:454 msg="GET /api/app/notificationsへのリクエストに対して、期待されたHTTPステータスコードが確認できませんでした (expected:200, actual:500)"
time=19:37:29.338 level=DEBUG source=/tmp/isucon14/bench/benchmarker/scenario/worldclient/worldclient.go:454 msg="GET /api/app/notificationsへのリクエストに対して、期待されたHTTPステータスコードが確認できませんでした (expected:200, actual:500)"
time=19:37:29.338 level=DEBUG source=/tmp/isucon14/bench/benchmarker/scenario/worldclient/worldclient.go:255 msg="GET /api/chair/notificationへのリクエストに対して、期待されたHTTPステータスコードが確認できませんでした (expected:200, actual:500)"
time=19:37:29.338 level=DEBUG source=/tmp/isucon14/bench/benchmarker/scenario/worldclient/worldclient.go:454 msg="GET /api/app/notificationsへのリクエストに対して、期待されたHTTPステータスコードが確認できませんでした (expected:200, actual:500)"
time=19:37:29.339 level=DEBUG source=/tmp/isucon14/bench/benchmarker/scenario/worldclient/worldclient.go:255 msg="GET /api/chair/notificationへのリクエストに対して、期待されたHTTPステータスコードが確認できませんでした (expected:200, actual:500)"
time=19:37:29.339 level=DEBUG source=/tmp/isucon14/bench/benchmarker/scenario/worldclient/worldclient.go:454 msg="GET /api/app/notificationsへのリクエストに対して、期待されたHTTPステータスコードが確認できませんでした (expected:200, actual:500)"
time=19:37:29.339 level=DEBUG source=/tmp/isucon14/bench/benchmarker/scenario/worldclient/worldclient.go:454 msg="GET /api/app/notificationsへのリクエストに対して、期待されたHTTPステータスコードが確認できませんでした (expected:200, actual:500)"
time=19:37:29.340 level=DEBUG source=/tmp/isucon14/bench/benchmarker/scenario/worldclient/worldclient.go:255 msg="GET /api/chair/notificationへのリクエストに対して、期待されたHTTPステータスコードが確認できませんでした (expected:200, actual:500)"
time=19:37:29.344 level=DEBUG source=/tmp/isucon14/bench/benchmarker/scenario/worldclient/worldclient.go:454 msg="GET /api/app/notificationsへのリクエストに対して、期待されたHTTPステータスコードが確認できませんでした (expected:200, actual:500)"
time=19:37:29.344 level=DEBUG source=/tmp/isucon14/bench/benchmarker/scenario/worldclient/worldclient.go:255 msg="GET /api/chair/notificationへのリクエストに対して、期待されたHTTPステータスコードが確認できませんでした (expected:200, actual:500)"
time=19:37:29.349 level=WARN msg="椅子の座標送信に失敗しました (CODE=1): POST /api/chair/coordinateへのリクエストに対して、期待されたHTTPステータスコードが確認できませんでした (expected:200, actual:500)"
time=19:37:29.349 level=WARN msg="椅子の座標送信に失敗しました (CODE=1): POST /api/chair/coordinateへのリクエストに対して、期待されたHTTPステータスコードが確認できませんでした (expected:200, actual:500)"
time=19:37:29.349 level=WARN msg="椅子の座標送信に失敗しました (CODE=1): POST /api/chair/coordinateへのリクエストに対して、期待されたHTTPステータスコードが確認できませんでした (expected:200, actual:500)"
time=19:37:29.349 level=WARN msg="椅子の座標送信に失敗しました (CODE=1): POST /api/chair/coordinateへのリクエストに対して、期待されたHTTPステータスコードが確認できませんでした (expected:200, actual:500)"
time=19:37:29.350 level=WARN msg="椅子の座標送信に失敗しました (CODE=1): POST /api/chair/coordinateへのリクエストに対して、期待されたHTTPステータスコードが確認できませんでした (expected:200, actual:500)"
time=19:37:29.352 level=WARN msg="椅子がライドを受理できませんでした (CODE=3): POST /api/chair/rides/{rideID}/statusへのリクエストに対して、期待されたHTTPステータスコードが確認できませんでした (expected:204, actual:500)"
time=19:37:29.352 level=WARN msg="椅子の座標送信に失敗しました (CODE=1): POST /api/chair/coordinateへのリクエストに対して、期待されたHTTPステータスコードが確認できませんでした (expected:200, actual:500)"
time=19:37:29.389 level=DEBUG source=/tmp/isucon14/bench/benchmarker/scenario/worldclient/worldclient.go:255 msg="GET /api/chair/notificationへのリクエストに対して、期待されたHTTPステータスコードが確認できませんでした (expected:200, actual:500)"
time=19:37:29.390 level=DEBUG source=/tmp/isucon14/bench/benchmarker/scenario/worldclient/worldclient.go:255 msg="GET /api/chair/notificationへのリクエストに対して、期待されたHTTPステータスコードが確認できませんでした (expected:200, actual:500)"
time=19:37:29.390 level=DEBUG source=/tmp/isucon14/bench/benchmarker/scenario/worldclient/worldclient.go:454 msg="GET /api/app/notificationsへのリクエストに対して、期待されたHTTPステータスコードが確認できませんでした (expected:200, actual:500)"
time=19:37:29.392 level=DEBUG source=/tmp/isucon14/bench/benchmarker/scenario/worldclient/worldclient.go:454 msg="GET /api/app/notificationsへのリクエストに対して、期待されたHTTPステータスコードが確認できませんでした (expected:200, actual:500)"
time=19:37:29.392 level=DEBUG source=/tmp/isucon14/bench/benchmarker/scenario/worldclient/worldclient.go:255 msg="GET /api/chair/notificationへのリクエストに対して、期待されたHTTPステータスコードが確認できませんでした (expected:200, actual:500)"
time=19:37:29.394 level=DEBUG source=/tmp/isucon14/bench/benchmarker/scenario/worldclient/worldclient.go:255 msg="GET /api/chair/notificationへのリクエストに対して、期待されたHTTPステータスコードが確認できませんでした (expected:200, actual:500)"
time=19:37:29.396 level=DEBUG source=/tmp/isucon14/bench/benchmarker/scenario/worldclient/worldclient.go:454 msg="GET /api/app/notificationsへのリクエストに対して、期待されたHTTPステータスコードが確認できませんでした (expected:200, actual:500)"
time=19:37:29.398 level=DEBUG source=/tmp/isucon14/bench/benchmarker/scenario/worldclient/worldclient.go:255 msg="GET /api/chair/notificationへのリクエストに対して、期待されたHTTPステータスコードが確認できませんでした (expected:200, actual:500)"
time=19:37:29.399 level=DEBUG source=/tmp/isucon14/bench/benchmarker/scenario/worldclient/worldclient.go:454 msg="GET /api/app/notificationsへのリクエストに対して、期待されたHTTPステータスコードが確認できませんでした (expected:200, actual:500)"
time=19:37:29.399 level=DEBUG source=/tmp/isucon14/bench/benchmarker/scenario/worldclient/worldclient.go:255 msg="GET /api/chair/notificationへのリクエストに対して、期待されたHTTPステータスコードが確認できませんでした (expected:200, actual:500)"
time=19:37:29.399 level=DEBUG source=/tmp/isucon14/bench/benchmarker/scenario/worldclient/worldclient.go:255 msg="GET /api/chair/notificationへのリクエストに対して、期待されたHTTPステータスコードが確認できませんでした (expected:200, actual:500)"
time=19:37:29.399 level=DEBUG source=/tmp/isucon14/bench/benchmarker/scenario/worldclient/worldclient.go:255 msg="GET /api/chair/notificationへのリクエストに対して、期待されたHTTPステータスコードが確認できませんでした (expected:200, actual:500)"
time=19:37:29.399 level=WARN msg="椅子の座標送信に失敗しました (CODE=1): POST /api/chair/coordinateへのリクエストに対して、期待されたHTTPステータスコードが確認できませんでした (expected:200, actual:500)"
time=19:37:29.399 level=DEBUG source=/tmp/isucon14/bench/benchmarker/scenario/worldclient/worldclient.go:454 msg="GET /api/app/notificationsへのリクエストに対して、期待されたHTTPステータスコードが確認できませんでした (expected:200, actual:500)"
time=19:37:29.399 level=DEBUG source=/tmp/isucon14/bench/benchmarker/scenario/worldclient/worldclient.go:255 msg="GET /api/chair/notificationへのリクエストに対して、期待されたHTTPステータスコードが確認できませんでした (expected:200, actual:500)"
time=19:37:29.399 level=DEBUG source=/tmp/isucon14/bench/benchmarker/scenario/worldclient/worldclient.go:255 msg="GET /api/chair/notificationへのリクエストに対して、期待されたHTTPステータスコードが確認できませんでした (expected:200, actual:500)"
time=19:37:29.399 level=DEBUG source=/tmp/isucon14/bench/benchmarker/scenario/worldclient/worldclient.go:255 msg="GET /api/chair/notificationへのリクエストに対して、期待されたHTTPステータスコードが確認できませんでした (expected:200, actual:500)"
time=19:37:29.400 level=DEBUG source=/tmp/isucon14/bench/benchmarker/scenario/worldclient/worldclient.go:255 msg="GET /api/chair/notificationへのリクエストに対して、期待されたHTTPステータスコードが確認できませんでした (expected:200, actual:500)"
time=19:37:29.401 level=DEBUG source=/tmp/isucon14/bench/benchmarker/scenario/worldclient/worldclient.go:255 msg="GET /api/chair/notificationへのリクエストに対して、期待されたHTTPステータスコードが確認できませんでした (expected:200, actual:500)"
time=19:37:29.404 level=DEBUG source=/tmp/isucon14/bench/benchmarker/scenario/worldclient/worldclient.go:454 msg="GET /api/app/notificationsへのリクエストに対して、期待されたHTTPステータスコードが確認できませんでした (expected:200, actual:500)"
time=19:37:29.404 level=DEBUG source=/tmp/isucon14/bench/benchmarker/scenario/worldclient/worldclient.go:255 msg="GET /api/chair/notificationへのリクエストに対して、期待されたHTTPステータスコードが確認できませんでした (expected:200, actual:500)"
time=19:37:29.404 level=DEBUG source=/tmp/isucon14/bench/benchmarker/scenario/worldclient/worldclient.go:255 msg="GET /api/chair/notificationへのリクエストに対して、期待されたHTTPステータスコードが確認できませんでした (expected:200, actual:500)"
time=19:37:29.404 level=DEBUG source=/tmp/isucon14/bench/benchmarker/scenario/worldclient/worldclient.go:255 msg="GET /api/chair/notificationへのリクエストに対して、期待されたHTTPステータスコードが確認できませんでした (expected:200, actual:500)"
time=19:37:29.405 level=DEBUG source=/tmp/isucon14/bench/benchmarker/scenario/worldclient/worldclient.go:454 msg="GET /api/app/notificationsへのリクエストに対して、期待されたHTTPステータスコードが確認できませんでした (expected:200, actual:500)"
time=19:37:29.405 level=DEBUG source=/tmp/isucon14/bench/benchmarker/scenario/worldclient/worldclient.go:255 msg="GET /api/chair/notificationへのリクエストに対して、期待されたHTTPステータスコードが確認できませんでした (expected:200, actual:500)"
time=19:37:29.405 level=DEBUG source=/tmp/isucon14/bench/benchmarker/scenario/worldclient/worldclient.go:255 msg="GET /api/chair/notificationへのリクエストに対して、期待されたHTTPステータスコードが確認できませんでした (expected:200, actual:500)"
time=19:37:29.405 level=DEBUG source=/tmp/isucon14/bench/benchmarker/scenario/worldclient/worldclient.go:255 msg="GET /api/chair/notificationへのリクエストに対して、期待されたHTTPステータスコードが確認できませんでした (expected:200, actual:500)"
time=19:37:29.405 level=DEBUG source=/tmp/isucon14/bench/benchmarker/scenario/worldclient/worldclient.go:255 msg="GET /api/chair/notificationへのリクエストに対して、期待されたHTTPステータスコードが確認できませんでした (expected:200, actual:500)"
time=19:37:29.408 level=WARN msg="椅子の座標送信に失敗しました (CODE=1): POST /api/chair/coordinateへのリクエストに対して、期待されたHTTPステータスコードが確認できませんでした (expected:200, actual:500)"
time=19:37:29.408 level=WARN msg="椅子の座標送信に失敗しました (CODE=1): POST /api/chair/coordinateへのリクエストに対して、期待されたHTTPステータスコードが確認できませんでした (expected:200, actual:500)"
time=19:37:29.443 level=INFO msg=一定の売上が立ったためオーナーの椅子が増加します 名前=ChairCycle 増加数=1
time=19:37:29.507 level=INFO msg=一定の売上が立ったためオーナーの椅子が増加します 名前="Chair Charm" 増加数=1
time=19:37:29.593 level=INFO msg=一定の売上が立ったためオーナーの椅子が増加します 名前=椅子と暮らし舎 増加数=1
time=19:37:29.650 level=DEBUG source=/tmp/isucon14/bench/benchmarker/scenario/worldclient/worldclient.go:255 msg="GET /api/chair/notificationへのリクエストに対して、期待されたHTTPステータスコードが確認できませんでした (expected:200, actual:500)"
time=19:37:29.650 level=DEBUG source=/tmp/isucon14/bench/benchmarker/scenario/worldclient/worldclient.go:454 msg="GET /api/app/notificationsへのリクエストに対して、期待されたHTTPステータスコードが確認できませんでした (expected:200, actual:500)"
time=19:37:29.650 level=DEBUG source=/tmp/isucon14/bench/benchmarker/scenario/worldclient/worldclient.go:454 msg="GET /api/app/notificationsへのリクエストに対して、期待されたHTTPステータスコードが確認できませんでした (expected:200, actual:500)"
time=19:37:29.655 level=DEBUG source=/tmp/isucon14/bench/benchmarker/scenario/worldclient/worldclient.go:454 msg="GET /api/app/notificationsへのリクエストに対して、期待されたHTTPステータスコードが確認できませんでした (expected:200, actual:500)"
time=19:37:29.655 level=DEBUG source=/tmp/isucon14/bench/benchmarker/scenario/worldclient/worldclient.go:255 msg="GET /api/chair/notificationへのリクエストに対して、期待されたHTTPステータスコードが確認できませんでした (expected:200, actual:500)"
time=19:37:29.655 level=DEBUG source=/tmp/isucon14/bench/benchmarker/scenario/worldclient/worldclient.go:454 msg="GET /api/app/notificationsへのリクエストに対して、期待されたHTTPステータスコードが確認できませんでした (expected:200, actual:500)"
time=19:37:29.655 level=DEBUG source=/tmp/isucon14/bench/benchmarker/scenario/worldclient/worldclient.go:255 msg="GET /api/chair/notificationへのリクエストに対して、期待されたHTTPステータスコードが確認できませんでした (expected:200, actual:500)"
time=19:37:29.655 level=DEBUG source=/tmp/isucon14/bench/benchmarker/scenario/worldclient/worldclient.go:255 msg="GET /api/chair/notificationへのリクエストに対して、期待されたHTTPステータスコードが確認できませんでした (expected:200, actual:500)"
time=19:37:29.655 level=DEBUG source=/tmp/isucon14/bench/benchmarker/scenario/worldclient/worldclient.go:255 msg="GET /api/chair/notificationへのリクエストに対して、期待されたHTTPステータスコードが確認できませんでした (expected:200, actual:500)"
time=19:37:29.656 level=DEBUG source=/tmp/isucon14/bench/benchmarker/scenario/worldclient/worldclient.go:255 msg="GET /api/chair/notificationへのリクエストに対して、期待されたHTTPステータスコードが確認できませんでした (expected:200, actual:500)"
time=19:37:29.656 level=DEBUG source=/tmp/isucon14/bench/benchmarker/scenario/worldclient/worldclient.go:255 msg="GET /api/chair/notificationへのリクエストに対して、期待されたHTTPステータスコードが確認できませんでした (expected:200, actual:500)"
time=19:37:29.656 level=DEBUG source=/tmp/isucon14/bench/benchmarker/scenario/worldclient/worldclient.go:255 msg="GET /api/chair/notificationへのリクエストに対して、期待されたHTTPステータスコードが確認できませんでした (expected:200, actual:500)"
time=19:37:29.656 level=DEBUG source=/tmp/isucon14/bench/benchmarker/scenario/worldclient/worldclient.go:454 msg="GET /api/app/notificationsへのリクエストに対して、期待されたHTTPステータスコードが確認できませんでした (expected:200, actual:500)"
time=19:37:29.656 level=DEBUG source=/tmp/isucon14/bench/benchmarker/scenario/worldclient/worldclient.go:255 msg="GET /api/chair/notificationへのリクエストに対して、期待されたHTTPステータスコードが確認できませんでした (expected:200, actual:500)"
time=19:37:29.657 level=DEBUG source=/tmp/isucon14/bench/benchmarker/scenario/worldclient/worldclient.go:255 msg="GET /api/chair/notificationへのリクエストに対して、期待されたHTTPステータスコードが確認できませんでした (expected:200, actual:500)"
time=19:37:29.657 level=DEBUG source=/tmp/isucon14/bench/benchmarker/scenario/worldclient/worldclient.go:255 msg="GET /api/chair/notificationへのリクエストに対して、期待されたHTTPステータスコードが確認できませんでした (expected:200, actual:500)"
time=19:37:29.657 level=DEBUG source=/tmp/isucon14/bench/benchmarker/scenario/worldclient/worldclient.go:454 msg="GET /api/app/notificationsへのリクエストに対して、期待されたHTTPステータスコードが確認できませんでした (expected:200, actual:500)"
time=19:37:29.657 level=DEBUG source=/tmp/isucon14/bench/benchmarker/scenario/worldclient/worldclient.go:255 msg="GET /api/chair/notificationへのリクエストに対して、期待されたHTTPステータスコードが確認できませんでした (expected:200, actual:500)"
time=19:37:29.660 level=DEBUG source=/tmp/isucon14/bench/benchmarker/scenario/worldclient/worldclient.go:454 msg="GET /api/app/notificationsへのリクエストに対して、期待されたHTTPステータスコードが確認できませんでした (expected:200, actual:500)"
time=19:37:29.660 level=DEBUG source=/tmp/isucon14/bench/benchmarker/scenario/worldclient/worldclient.go:454 msg="GET /api/app/notificationsへのリクエストに対して、期待されたHTTPステータスコードが確認できませんでした (expected:200, actual:500)"
time=19:37:29.661 level=WARN msg="椅子の座標送信に失敗しました (CODE=1): POST /api/chair/coordinateへのリクエストに対して、期待されたHTTPステータスコードが確認できませんでした (expected:200, actual:500)"
time=19:37:29.663 level=WARN msg="椅子の座標送信に失敗しました (CODE=1): POST /api/chair/coordinateへのリクエストに対して、期待されたHTTPステータスコードが確認できませんでした (expected:200, actual:500)"
time=19:37:29.663 level=WARN msg="椅子の座標送信に失敗しました (CODE=1): POST /api/chair/coordinateへのリクエストに対して、期待されたHTTPステータスコードが確認できませんでした (expected:200, actual:500)"
time=19:37:29.665 level=WARN msg="椅子がアクティベートに失敗しました (CODE=13): POST /api/chair/activityへのリクエストに対して、期待されたHTTPステータスコードが確認できませんでした (expected:204, actual:500)"
time=19:37:29.665 level=WARN msg="椅子の座標送信に失敗しました (CODE=1): POST /api/chair/coordinateへのリクエストに対して、期待されたHTTPステータスコードが確認できませんでした (expected:200, actual:500)"
time=19:37:29.668 level=WARN msg="椅子の座標送信に失敗しました (CODE=1): POST /api/chair/coordinateへのリクエストに対して、期待されたHTTPステータスコードが確認できませんでした (expected:200, actual:500)"
time=19:37:29.670 level=DEBUG source=/tmp/isucon14/bench/benchmarker/scenario/worldclient/worldclient.go:255 msg="GET /api/chair/notificationへのリクエストに対して、期待されたHTTPステータスコードが確認できませんでした (expected:200, actual:500)"
time=19:37:29.671 level=DEBUG source=/tmp/isucon14/bench/benchmarker/scenario/worldclient/worldclient.go:255 msg="GET /api/chair/notificationへのリクエストに対して、期待されたHTTPステータスコードが確認できませんでした (expected:200, actual:500)"
time=19:37:29.673 level=DEBUG source=/tmp/isucon14/bench/benchmarker/scenario/worldclient/worldclient.go:255 msg="GET /api/chair/notificationへのリクエストに対して、期待されたHTTPステータスコードが確認できませんでした (expected:200, actual:500)"
time=19:37:29.767 level=DEBUG source=/tmp/isucon14/bench/benchmarker/scenario/worldclient/worldclient.go:454 msg="GET /api/app/notificationsへのリクエストに対して、期待されたHTTPステータスコードが確認できませんでした (expected:200, actual:500)"
time=19:37:29.772 level=DEBUG source=/tmp/isucon14/bench/benchmarker/scenario/worldclient/worldclient.go:255 msg="GET /api/chair/notificationへのリクエストに対して、期待されたHTTPステータスコードが確認できませんでした (expected:200, actual:500)"
time=19:37:29.774 level=DEBUG source=/tmp/isucon14/bench/benchmarker/scenario/worldclient/worldclient.go:454 msg="GET /api/app/notificationsへのリクエストに対して、期待されたHTTPステータスコードが確認できませんでした (expected:200, actual:500)"
time=19:37:29.774 level=DEBUG source=/tmp/isucon14/bench/benchmarker/scenario/worldclient/worldclient.go:454 msg="GET /api/app/notificationsへのリクエストに対して、期待されたHTTPステータスコードが確認できませんでした (expected:200, actual:500)"
time=19:37:29.874 level=DEBUG source=/tmp/isucon14/bench/benchmarker/scenario/worldclient/worldclient.go:454 msg="GET /api/app/notificationsへのリクエストに対して、期待されたHTTPステータスコードが確認できませんでした (expected:200, actual:500)"
time=19:37:29.939 level=DEBUG source=/tmp/isucon14/bench/benchmarker/scenario/worldclient/worldclient.go:255 msg="GET /api/chair/notificationへのリクエストに対して、期待されたHTTPステータスコードが確認できませんでした (expected:200, actual:500)"
time=19:37:29.940 level=WARN msg="椅子の座標送信に失敗しました (CODE=1): POST /api/chair/coordinateへのリクエストに対して、期待されたHTTPステータスコードが確認できませんでした (expected:200, actual:500)"
time=19:37:29.941 level=DEBUG source=/tmp/isucon14/bench/benchmarker/scenario/worldclient/worldclient.go:255 msg="GET /api/chair/notificationへのリクエストに対して、期待されたHTTPステータスコードが確認できませんでした (expected:200, actual:500)"
time=19:37:29.941 level=DEBUG source=/tmp/isucon14/bench/benchmarker/scenario/worldclient/worldclient.go:255 msg="GET /api/chair/notificationへのリクエストに対して、期待されたHTTPステータスコードが確認できませんでした (expected:200, actual:500)"
time=19:37:30.068 level=DEBUG source=/tmp/isucon14/bench/benchmarker/scenario/worldclient/worldclient.go:255 msg="GET /api/chair/notificationへのリクエストに対して、期待されたHTTPステータスコードが確認できませんでした (expected:200, actual:500)"
time=19:37:30.166 level=DEBUG source=/tmp/isucon14/bench/benchmarker/scenario/worldclient/worldclient.go:255 msg="GET /api/chair/notificationへのリクエストに対して、期待されたHTTPステータスコードが確認できませんでした (expected:200, actual:500)"
time=19:37:30.166 level=DEBUG source=/tmp/isucon14/bench/benchmarker/scenario/worldclient/worldclient.go:454 msg="GET /api/app/notificationsへのリクエストに対して、期待されたHTTPステータスコードが確認できませんでした (expected:200, actual:500)"
time=19:37:30.166 level=DEBUG source=/tmp/isucon14/bench/benchmarker/scenario/worldclient/worldclient.go:255 msg="GET /api/chair/notificationへのリクエストに対して、期待されたHTTPステータスコードが確認できませんでした (expected:200, actual:500)"
time=19:37:30.166 level=DEBUG source=/tmp/isucon14/bench/benchmarker/scenario/worldclient/worldclient.go:255 msg="GET /api/chair/notificationへのリクエストに対して、期待されたHTTPステータスコードが確認できませんでした (expected:200, actual:500)"
time=19:37:30.166 level=DEBUG source=/tmp/isucon14/bench/benchmarker/scenario/worldclient/worldclient.go:255 msg="GET /api/chair/notificationへのリクエストに対して、期待されたHTTPステータスコードが確認できませんでした (expected:200, actual:500)"
time=19:37:30.166 level=DEBUG source=/tmp/isucon14/bench/benchmarker/scenario/worldclient/worldclient.go:255 msg="GET /api/chair/notificationへのリクエストに対して、期待されたHTTPステータスコードが確認できませんでした (expected:200, actual:500)"
time=19:37:30.166 level=DEBUG source=/tmp/isucon14/bench/benchmarker/scenario/worldclient/worldclient.go:454 msg="GET /api/app/notificationsへのリクエストに対して、期待されたHTTPステータスコードが確認できませんでした (expected:200, actual:500)"
time=19:37:30.167 level=DEBUG source=/tmp/isucon14/bench/benchmarker/scenario/worldclient/worldclient.go:255 msg="GET /api/chair/notificationへのリクエストに対して、期待されたHTTPステータスコードが確認できませんでした (expected:200, actual:500)"
time=19:37:30.167 level=WARN msg="椅子の座標送信に失敗しました (CODE=1): POST /api/chair/coordinateへのリクエストに対して、期待されたHTTPステータスコードが確認できませんでした (expected:200, actual:500)"
time=19:37:30.167 level=DEBUG source=/tmp/isucon14/bench/benchmarker/scenario/worldclient/worldclient.go:454 msg="GET /api/app/notificationsへのリクエストに対して、期待されたHTTPステータスコードが確認できませんでした (expected:200, actual:500)"
time=19:37:30.167 level=DEBUG source=/tmp/isucon14/bench/benchmarker/scenario/worldclient/worldclient.go:255 msg="GET /api/chair/notificationへのリクエストに対して、期待されたHTTPステータスコードが確認できませんでした (expected:200, actual:500)"
time=19:37:30.168 level=DEBUG source=/tmp/isucon14/bench/benchmarker/scenario/worldclient/worldclient.go:255 msg="GET /api/chair/notificationへのリクエストに対して、期待されたHTTPステータスコードが確認できませんでした (expected:200, actual:500)"
time=19:37:30.169 level=DEBUG source=/tmp/isucon14/bench/benchmarker/scenario/worldclient/worldclient.go:255 msg="GET /api/chair/notificationへのリクエストに対して、期待されたHTTPステータスコードが確認できませんでした (expected:200, actual:500)"
time=19:37:30.169 level=WARN msg="椅子の座標送信に失敗しました (CODE=1): POST /api/chair/coordinateへのリクエストに対して、期待されたHTTPステータスコードが確認できませんでした (expected:200, actual:500)"
time=19:37:30.169 level=WARN msg="椅子の座標送信に失敗しました (CODE=1): POST /api/chair/coordinateへのリクエストに対して、期待されたHTTPステータスコードが確認できませんでした (expected:200, actual:500)"
time=19:37:30.169 level=WARN msg="椅子の座標送信に失敗しました (CODE=1): POST /api/chair/coordinateへのリクエストに対して、期待されたHTTPステータスコードが確認できませんでした (expected:200, actual:500)"
time=19:37:30.170 level=WARN msg="椅子の座標送信に失敗しました (CODE=1): POST /api/chair/coordinateへのリクエストに対して、期待されたHTTPステータスコードが確認できませんでした (expected:200, actual:500)"
time=19:37:30.184 level=DEBUG source=/tmp/isucon14/bench/benchmarker/scenario/worldclient/worldclient.go:255 msg="GET /api/chair/notificationへのリクエストに対して、期待されたHTTPステータスコードが確認できませんでした (expected:200, actual:500)"
time=19:37:30.194 level=DEBUG source=/tmp/isucon14/bench/benchmarker/scenario/worldclient/worldclient.go:255 msg="GET /api/chair/notificationへのリクエストに対して、期待されたHTTPステータスコードが確認できませんでした (expected:200, actual:500)"
time=19:37:30.266 level=DEBUG source=/tmp/isucon14/bench/benchmarker/scenario/worldclient/worldclient.go:454 msg="GET /api/app/notificationsへのリクエストに対して、期待されたHTTPステータスコードが確認できませんでした (expected:200, actual:500)"
time=19:37:30.266 level=WARN msg="椅子の座標送信に失敗しました (CODE=1): POST /api/chair/coordinateへのリクエストに対して、期待されたHTTPステータスコードが確認できませんでした (expected:200, actual:500)"
time=19:37:30.266 level=WARN msg="ユーザーが新しくライドを作成できませんでした (CODE=8): POST /api/app/ridesへのリクエストに対して、期待されたHTTPステータスコードが確認できませんでした (expected:202, actual:500)"
time=19:37:30.266 level=DEBUG source=/tmp/isucon14/bench/benchmarker/scenario/worldclient/worldclient.go:454 msg="GET /api/app/notificationsへのリクエストに対して、期待されたHTTPステータスコードが確認できませんでした (expected:200, actual:500)"
time=19:37:30.267 level=DEBUG source=/tmp/isucon14/bench/benchmarker/scenario/worldclient/worldclient.go:454 msg="GET /api/app/notificationsへのリクエストに対して、期待されたHTTPステータスコードが確認できませんでした (expected:200, actual:500)"
time=19:37:30.267 level=DEBUG source=/tmp/isucon14/bench/benchmarker/scenario/worldclient/worldclient.go:454 msg="GET /api/app/notificationsへのリクエストに対して、期待されたHTTPステータスコードが確認できませんでした (expected:200, actual:500)"
time=19:37:30.278 level=DEBUG source=/tmp/isucon14/bench/benchmarker/scenario/worldclient/worldclient.go:454 msg="GET /api/app/notificationsへのリクエストに対して、期待されたHTTPステータスコードが確認できませんでした (expected:200, actual:500)"
time=19:37:30.280 level=DEBUG source=/tmp/isucon14/bench/benchmarker/scenario/worldclient/worldclient.go:255 msg="GET /api/chair/notificationへのリクエストに対して、期待されたHTTPステータスコードが確認できませんでした (expected:200, actual:500)"
time=19:37:30.280 level=DEBUG source=/tmp/isucon14/bench/benchmarker/scenario/worldclient/worldclient.go:454 msg="GET /api/app/notificationsへのリクエストに対して、期待されたHTTPステータスコードが確認できませんでした (expected:200, actual:500)"
time=19:37:30.280 level=DEBUG source=/tmp/isucon14/bench/benchmarker/scenario/worldclient/worldclient.go:255 msg="GET /api/chair/notificationへのリクエストに対して、期待されたHTTPステータスコードが確認できませんでした (expected:200, actual:500)"
time=19:37:30.280 level=WARN msg="ユーザーの支払い情報の登録に失敗しました (CODE=21): POST /api/app/payment-methodsへのリクエストに対して、期待されたHTTPステータスコードが確認できませんでした (expected:204, actual:500)"
time=19:37:30.280 level=WARN msg="椅子の座標送信に失敗しました (CODE=1): POST /api/chair/coordinateへのリクエストに対して、期待されたHTTPステータスコードが確認できませんでした (expected:200, actual:500)"
time=19:37:30.280 level=WARN msg="椅子の座標送信に失敗しました (CODE=1): POST /api/chair/coordinateへのリクエストに対して、期待されたHTTPステータスコードが確認できませんでした (expected:200, actual:500)"
time=19:37:30.280 level=WARN msg="椅子の座標送信に失敗しました (CODE=1): POST /api/chair/coordinateへのリクエストに対して、期待されたHTTPステータスコードが確認できませんでした (expected:200, actual:500)"
time=19:37:30.280 level=WARN msg="椅子の座標送信に失敗しました (CODE=1): POST /api/chair/coordinateへのリクエストに対して、期待されたHTTPステータスコードが確認できませんでした (expected:200, actual:500)"
time=19:37:30.280 level=WARN msg="椅子の座標送信に失敗しました (CODE=1): POST /api/chair/coordinateへのリクエストに対して、期待されたHTTPステータスコードが確認できませんでした (expected:200, actual:500)"
time=19:37:30.283 level=DEBUG source=/tmp/isucon14/bench/benchmarker/scenario/worldclient/worldclient.go:454 msg="GET /api/app/notificationsへのリクエストに対して、期待されたHTTPステータスコードが確認できませんでした (expected:200, actual:500)"
time=19:37:30.284 level=WARN msg="椅子の座標送信に失敗しました (CODE=1): POST /api/chair/coordinateへのリクエストに対して、期待されたHTTPステータスコードが確認できませんでした (expected:200, actual:500)"
time=19:37:30.287 level=WARN msg="椅子の座標送信に失敗しました (CODE=1): POST /api/chair/coordinateへのリクエストに対して、期待されたHTTPステータスコードが確認できませんでした (expected:200, actual:500)"
time=19:37:30.288 level=WARN msg="椅子の座標送信に失敗しました (CODE=1): POST /api/chair/coordinateへのリクエストに対して、期待されたHTTPステータスコードが確認できませんでした (expected:200, actual:500)"
time=19:37:30.288 level=WARN msg="椅子の座標送信に失敗しました (CODE=1): POST /api/chair/coordinateへのリクエストに対して、期待されたHTTPステータスコードが確認できませんでした (expected:200, actual:500)"
time=19:37:30.288 level=WARN msg="椅子の座標送信に失敗しました (CODE=1): POST /api/chair/coordinateへのリクエストに対して、期待されたHTTPステータスコードが確認できませんでした (expected:200, actual:500)"
time=19:37:30.288 level=WARN msg="椅子の座標送信に失敗しました (CODE=1): POST /api/chair/coordinateへのリクエストに対して、期待されたHTTPステータスコードが確認できませんでした (expected:200, actual:500)"
time=19:37:30.288 level=WARN msg="椅子の座標送信に失敗しました (CODE=1): POST /api/chair/coordinateへのリクエストに対して、期待されたHTTPステータスコードが確認できませんでした (expected:200, actual:500)"
time=19:37:30.288 level=DEBUG source=/tmp/isucon14/bench/benchmarker/scenario/worldclient/worldclient.go:255 msg="GET /api/chair/notificationへのリクエストに対して、期待されたHTTPステータスコードが確認できませんでした (expected:200, actual:500)"
time=19:37:30.288 level=WARN msg="椅子の座標送信に失敗しました (CODE=1): POST /api/chair/coordinateへのリクエストに対して、期待されたHTTPステータスコードが確認できませんでした (expected:200, actual:500)"
time=19:37:30.288 level=WARN msg="椅子の座標送信に失敗しました (CODE=1): POST /api/chair/coordinateへのリクエストに対して、期待されたHTTPステータスコードが確認できませんでした (expected:200, actual:500)"
time=19:37:30.288 level=WARN msg="椅子の座標送信に失敗しました (CODE=1): POST /api/chair/coordinateへのリクエストに対して、期待されたHTTPステータスコードが確認できませんでした (expected:200, actual:500)"
time=19:37:30.288 level=WARN msg="椅子が出発できませんでした (CODE=2): POST /api/chair/rides/{rideID}/statusへのリクエストに対して、期待されたHTTPステータスコードが確認できませんでした (expected:204, actual:500)"
time=19:37:30.289 level=DEBUG source=/tmp/isucon14/bench/benchmarker/scenario/worldclient/worldclient.go:454 msg="GET /api/app/notificationsへのリクエストに対して、期待されたHTTPステータスコードが確認できませんでした (expected:200, actual:500)"
time=19:37:30.289 level=DEBUG source=/tmp/isucon14/bench/benchmarker/scenario/worldclient/worldclient.go:255 msg="GET /api/chair/notificationへのリクエストに対して、期待されたHTTPステータスコードが確認できませんでした (expected:200, actual:500)"
time=19:37:30.289 level=DEBUG source=/tmp/isucon14/bench/benchmarker/scenario/worldclient/worldclient.go:255 msg="GET /api/chair/notificationへのリクエストに対して、期待されたHTTPステータスコードが確認できませんでした (expected:200, actual:500)"
time=19:37:30.336 level=DEBUG source=/tmp/isucon14/bench/benchmarker/scenario/worldclient/worldclient.go:454 msg="GET /api/app/notificationsへのリクエストに対して、期待されたHTTPステータスコードが確認できませんでした (expected:200, actual:500)"
time=19:37:30.338 level=WARN msg="椅子の座標送信に失敗しました (CODE=1): POST /api/chair/coordinateへのリクエストに対して、期待されたHTTPステータスコードが確認できませんでした (expected:200, actual:500)"
time=19:37:30.338 level=WARN msg="椅子の座標送信に失敗しました (CODE=1): POST /api/chair/coordinateへのリクエストに対して、期待されたHTTPステータスコードが確認できませんでした (expected:200, actual:500)"
time=19:37:30.338 level=WARN msg="椅子の座標送信に失敗しました (CODE=1): POST /api/chair/coordinateへのリクエストに対して、期待されたHTTPステータスコードが確認できませんでした (expected:200, actual:500)"
time=19:37:30.440 level=WARN msg="椅子の座標送信に失敗しました (CODE=1): POST /api/chair/coordinateへのリクエストに対して、期待されたHTTPステータスコードが確認できませんでした (expected:200, actual:500)"
time=19:37:30.451 level=DEBUG source=/tmp/isucon14/bench/benchmarker/scenario/worldclient/worldclient.go:255 msg="GET /api/chair/notificationへのリクエストに対して、期待されたHTTPステータスコードが確認できませんでした (expected:200, actual:500)"
time=19:37:30.475 level=WARN msg="椅子の座標送信に失敗しました (CODE=1): POST /api/chair/coordinateへのリクエストに対して、期待されたHTTPステータスコードが確認できませんでした (expected:200, actual:500)"
time=19:37:30.476 level=DEBUG source=/tmp/isucon14/bench/benchmarker/scenario/worldclient/worldclient.go:255 msg="GET /api/chair/notificationへのリクエストに対して、期待されたHTTPステータスコードが確認できませんでした (expected:200, actual:500)"
time=19:37:30.476 level=DEBUG source=/tmp/isucon14/bench/benchmarker/scenario/worldclient/worldclient.go:255 msg="GET /api/chair/notificationへのリクエストに対して、期待されたHTTPステータスコードが確認できませんでした (expected:200, actual:500)"
time=19:37:30.476 level=DEBUG source=/tmp/isucon14/bench/benchmarker/scenario/worldclient/worldclient.go:454 msg="GET /api/app/notificationsへのリクエストに対して、期待されたHTTPステータスコードが確認できませんでした (expected:200, actual:500)"
time=19:37:30.476 level=DEBUG source=/tmp/isucon14/bench/benchmarker/scenario/worldclient/worldclient.go:454 msg="GET /api/app/notificationsへのリクエストに対して、期待されたHTTPステータスコードが確認できませんでした (expected:200, actual:500)"
time=19:37:30.476 level=DEBUG source=/tmp/isucon14/bench/benchmarker/scenario/worldclient/worldclient.go:454 msg="GET /api/app/notificationsへのリクエストに対して、期待されたHTTPステータスコードが確認できませんでした (expected:200, actual:500)"
time=19:37:30.476 level=DEBUG source=/tmp/isucon14/bench/benchmarker/scenario/worldclient/worldclient.go:454 msg="GET /api/app/notificationsへのリクエストに対して、期待されたHTTPステータスコードが確認できませんでした (expected:200, actual:500)"
time=19:37:30.476 level=DEBUG source=/tmp/isucon14/bench/benchmarker/scenario/worldclient/worldclient.go:454 msg="GET /api/app/notificationsへのリクエストに対して、期待されたHTTPステータスコードが確認できませんでした (expected:200, actual:500)"
time=19:37:30.476 level=DEBUG source=/tmp/isucon14/bench/benchmarker/scenario/worldclient/worldclient.go:454 msg="GET /api/app/notificationsへのリクエストに対して、期待されたHTTPステータスコードが確認できませんでした (expected:200, actual:500)"
time=19:37:30.476 level=DEBUG source=/tmp/isucon14/bench/benchmarker/scenario/worldclient/worldclient.go:255 msg="GET /api/chair/notificationへのリクエストに対して、期待されたHTTPステータスコードが確認できませんでした (expected:200, actual:500)"
time=19:37:30.476 level=DEBUG source=/tmp/isucon14/bench/benchmarker/scenario/worldclient/worldclient.go:454 msg="GET /api/app/notificationsへのリクエストに対して、期待されたHTTPステータスコードが確認できませんでした (expected:200, actual:500)"
time=19:37:30.477 level=DEBUG source=/tmp/isucon14/bench/benchmarker/scenario/worldclient/worldclient.go:454 msg="GET /api/app/notificationsへのリクエストに対して、期待されたHTTPステータスコードが確認できませんでした (expected:200, actual:500)"
time=19:37:30.477 level=DEBUG source=/tmp/isucon14/bench/benchmarker/scenario/worldclient/worldclient.go:255 msg="GET /api/chair/notificationへのリクエストに対して、期待されたHTTPステータスコードが確認できませんでした (expected:200, actual:500)"
time=19:37:30.477 level=WARN msg="取得した付近の椅子情報に不備があります (CODE=30): GET /api/app/requests/nearby-chairsへのリクエストに対して、期待されたHTTPステータスコードが確認できませんでした (expected:200, actual:500)"
time=19:37:30.477 level=DEBUG source=/tmp/isucon14/bench/benchmarker/scenario/worldclient/worldclient.go:454 msg="GET /api/app/notificationsへのリクエストに対して、期待されたHTTPステータスコードが確認できませんでした (expected:200, actual:500)"
time=19:37:30.477 level=DEBUG source=/tmp/isucon14/bench/benchmarker/scenario/worldclient/worldclient.go:454 msg="GET /api/app/notificationsへのリクエストに対して、期待されたHTTPステータスコードが確認できませんでした (expected:200, actual:500)"
time=19:37:30.477 level=DEBUG source=/tmp/isucon14/bench/benchmarker/scenario/worldclient/worldclient.go:255 msg="GET /api/chair/notificationへのリクエストに対して、期待されたHTTPステータスコードが確認できませんでした (expected:200, actual:500)"
time=19:37:30.477 level=DEBUG source=/tmp/isucon14/bench/benchmarker/scenario/worldclient/worldclient.go:454 msg="GET /api/app/notificationsへのリクエストに対して、期待されたHTTPステータスコードが確認できませんでした (expected:200, actual:500)"
time=19:37:30.477 level=DEBUG source=/tmp/isucon14/bench/benchmarker/scenario/worldclient/worldclient.go:454 msg="GET /api/app/notificationsへのリクエストに対して、期待されたHTTPステータスコードが確認できませんでした (expected:200, actual:500)"
time=19:37:30.477 level=DEBUG source=/tmp/isucon14/bench/benchmarker/scenario/worldclient/worldclient.go:454 msg="GET /api/app/notificationsへのリクエストに対して、期待されたHTTPステータスコードが確認できませんでした (expected:200, actual:500)"
time=19:37:30.477 level=DEBUG source=/tmp/isucon14/bench/benchmarker/scenario/worldclient/worldclient.go:255 msg="GET /api/chair/notificationへのリクエストに対して、期待されたHTTPステータスコードが確認できませんでした (expected:200, actual:500)"
time=19:37:30.477 level=DEBUG source=/tmp/isucon14/bench/benchmarker/scenario/worldclient/worldclient.go:454 msg="GET /api/app/notificationsへのリクエストに対して、期待されたHTTPステータスコードが確認できませんでした (expected:200, actual:500)"
time=19:37:30.477 level=DEBUG source=/tmp/isucon14/bench/benchmarker/scenario/worldclient/worldclient.go:255 msg="GET /api/chair/notificationへのリクエストに対して、期待されたHTTPステータスコードが確認できませんでした (expected:200, actual:500)"
time=19:37:30.478 level=DEBUG source=/tmp/isucon14/bench/benchmarker/scenario/worldclient/worldclient.go:454 msg="GET /api/app/notificationsへのリクエストに対して、期待されたHTTPステータスコードが確認できませんでした (expected:200, actual:500)"
time=19:37:30.478 level=DEBUG source=/tmp/isucon14/bench/benchmarker/scenario/worldclient/worldclient.go:454 msg="GET /api/app/notificationsへのリクエストに対して、期待されたHTTPステータスコードが確認できませんでした (expected:200, actual:500)"
time=19:37:30.479 level=DEBUG source=/tmp/isucon14/bench/benchmarker/scenario/worldclient/worldclient.go:255 msg="GET /api/chair/notificationへのリクエストに対して、期待されたHTTPステータスコードが確認できませんでした (expected:200, actual:500)"
time=19:37:30.480 level=DEBUG source=/tmp/isucon14/bench/benchmarker/scenario/worldclient/worldclient.go:255 msg="GET /api/chair/notificationへのリクエストに対して、期待されたHTTPステータスコードが確認できませんでした (expected:200, actual:500)"
time=19:37:30.480 level=DEBUG source=/tmp/isucon14/bench/benchmarker/scenario/worldclient/worldclient.go:454 msg="GET /api/app/notificationsへのリクエストに対して、期待されたHTTPステータスコードが確認できませんでした (expected:200, actual:500)"
time=19:37:30.480 level=DEBUG source=/tmp/isucon14/bench/benchmarker/scenario/worldclient/worldclient.go:255 msg="GET /api/chair/notificationへのリクエストに対して、期待されたHTTPステータスコードが確認できませんでした (expected:200, actual:500)"
time=19:37:30.480 level=DEBUG source=/tmp/isucon14/bench/benchmarker/scenario/worldclient/worldclient.go:454 msg="GET /api/app/notificationsへのリクエストに対して、期待されたHTTPステータスコードが確認できませんでした (expected:200, actual:500)"
time=19:37:30.481 level=DEBUG source=/tmp/isucon14/bench/benchmarker/scenario/worldclient/worldclient.go:255 msg="GET /api/chair/notificationへのリクエストに対して、期待されたHTTPステータスコードが確認できませんでした (expected:200, actual:500)"
time=19:37:30.483 level=DEBUG source=/tmp/isucon14/bench/benchmarker/scenario/worldclient/worldclient.go:255 msg="GET /api/chair/notificationへのリクエストに対して、期待されたHTTPステータスコードが確認できませんでした (expected:200, actual:500)"
time=19:37:30.693 level=DEBUG source=/tmp/isucon14/bench/benchmarker/scenario/worldclient/worldclient.go:454 msg="GET /api/app/notificationsへのリクエストに対して、期待されたHTTPステータスコードが確認できませんでした (expected:200, actual:500)"
time=19:37:30.695 level=DEBUG source=/tmp/isucon14/bench/benchmarker/scenario/worldclient/worldclient.go:255 msg="GET /api/chair/notificationへのリクエストに対して、期待されたHTTPステータスコードが確認できませんでした (expected:200, actual:500)"
time=19:37:30.925 level=DEBUG source=/tmp/isucon14/bench/benchmarker/scenario/worldclient/worldclient.go:255 msg="GET /api/chair/notificationへのリクエストに対して、期待されたHTTPステータスコードが確認できませんでした (expected:200, actual:500)"
time=19:37:30.926 level=DEBUG source=/tmp/isucon14/bench/benchmarker/scenario/worldclient/worldclient.go:255 msg="GET /api/chair/notificationへのリクエストに対して、期待されたHTTPステータスコードが確認できませんでした (expected:200, actual:500)"
time=19:37:30.926 level=DEBUG source=/tmp/isucon14/bench/benchmarker/scenario/worldclient/worldclient.go:255 msg="GET /api/chair/notificationへのリクエストに対して、期待されたHTTPステータスコードが確認できませんでした (expected:200, actual:500)"
time=19:37:30.926 level=DEBUG source=/tmp/isucon14/bench/benchmarker/scenario/worldclient/worldclient.go:454 msg="GET /api/app/notificationsへのリクエストに対して、期待されたHTTPステータスコードが確認できませんでした (expected:200, actual:500)"
time=19:37:30.926 level=DEBUG source=/tmp/isucon14/bench/benchmarker/scenario/worldclient/worldclient.go:255 msg="GET /api/chair/notificationへのリクエストに対して、期待されたHTTPステータスコードが確認できませんでした (expected:200, actual:500)"
time=19:37:30.927 level=DEBUG source=/tmp/isucon14/bench/benchmarker/scenario/worldclient/worldclient.go:255 msg="GET /api/chair/notificationへのリクエストに対して、期待されたHTTPステータスコードが確認できませんでした (expected:200, actual:500)"
time=19:37:30.930 level=DEBUG source=/tmp/isucon14/bench/benchmarker/scenario/worldclient/worldclient.go:454 msg="GET /api/app/notificationsへのリクエストに対して、期待されたHTTPステータスコードが確認できませんでした (expected:200, actual:500)"
time=19:37:30.930 level=DEBUG source=/tmp/isucon14/bench/benchmarker/scenario/worldclient/worldclient.go:255 msg="GET /api/chair/notificationへのリクエストに対して、期待されたHTTPステータスコードが確認できませんでした (expected:200, actual:500)"
time=19:37:30.931 level=DEBUG source=/tmp/isucon14/bench/benchmarker/scenario/worldclient/worldclient.go:255 msg="GET /api/chair/notificationへのリクエストに対して、期待されたHTTPステータスコードが確認できませんでした (expected:200, actual:500)"
time=19:37:30.931 level=DEBUG source=/tmp/isucon14/bench/benchmarker/scenario/worldclient/worldclient.go:255 msg="GET /api/chair/notificationへのリクエストに対して、期待されたHTTPステータスコードが確認できませんでした (expected:200, actual:500)"
time=19:37:30.931 level=DEBUG source=/tmp/isucon14/bench/benchmarker/scenario/worldclient/worldclient.go:454 msg="GET /api/app/notificationsへのリクエストに対して、期待されたHTTPステータスコードが確認できませんでした (expected:200, actual:500)"
time=19:37:30.931 level=DEBUG source=/tmp/isucon14/bench/benchmarker/scenario/worldclient/worldclient.go:255 msg="GET /api/chair/notificationへのリクエストに対して、期待されたHTTPステータスコードが確認できませんでした (expected:200, actual:500)"
time=19:37:30.932 level=DEBUG source=/tmp/isucon14/bench/benchmarker/scenario/worldclient/worldclient.go:255 msg="GET /api/chair/notificationへのリクエストに対して、期待されたHTTPステータスコードが確認できませんでした (expected:200, actual:500)"
time=19:37:30.936 level=DEBUG source=/tmp/isucon14/bench/benchmarker/scenario/worldclient/worldclient.go:454 msg="GET /api/app/notificationsへのリクエストに対して、期待されたHTTPステータスコードが確認できませんでした (expected:200, actual:500)"
time=19:37:30.938 level=DEBUG source=/tmp/isucon14/bench/benchmarker/scenario/worldclient/worldclient.go:255 msg="GET /api/chair/notificationへのリクエストに対して、期待されたHTTPステータスコードが確認できませんでした (expected:200, actual:500)"
time=19:37:30.938 level=DEBUG source=/tmp/isucon14/bench/benchmarker/scenario/worldclient/worldclient.go:255 msg="GET /api/chair/notificationへのリクエストに対して、期待されたHTTPステータスコードが確認できませんでした (expected:200, actual:500)"
time=19:37:30.938 level=DEBUG source=/tmp/isucon14/bench/benchmarker/scenario/worldclient/worldclient.go:255 msg="GET /api/chair/notificationへのリクエストに対して、期待されたHTTPステータスコードが確認できませんでした (expected:200, actual:500)"
time=19:37:30.943 level=DEBUG source=/tmp/isucon14/bench/benchmarker/scenario/worldclient/worldclient.go:255 msg="GET /api/chair/notificationへのリクエストに対して、期待されたHTTPステータスコードが確認できませんでした (expected:200, actual:500)"
time=19:37:30.957 level=DEBUG source=/tmp/isucon14/bench/benchmarker/scenario/worldclient/worldclient.go:255 msg="GET /api/chair/notificationへのリクエストに対して、期待されたHTTPステータスコードが確認できませんでした (expected:200, actual:500)"
time=19:37:30.968 level=DEBUG source=/tmp/isucon14/bench/benchmarker/scenario/worldclient/worldclient.go:454 msg="GET /api/app/notificationsへのリクエストに対して、期待されたHTTPステータスコードが確認できませんでした (expected:200, actual:500)"
time=19:37:31.103 level=DEBUG source=/tmp/isucon14/bench/benchmarker/scenario/scenario.go:315 msg=時間経過 tick=1680
time=19:37:31.103 level=DEBUG source=/tmp/isucon14/bench/benchmarker/scenario/scenario.go:317 msg=eval reqs=210 score="[35 94 39 35 7]" criteria="[156 32 56 61]"
time=19:37:31.132 level=DEBUG source=/tmp/isucon14/bench/benchmarker/scenario/worldclient/worldclient.go:454 msg="GET /api/app/notificationsへのリクエストに対して、期待されたHTTPステータスコードが確認できませんでした (expected:200, actual:500)"
time=19:37:31.133 level=DEBUG source=/tmp/isucon14/bench/benchmarker/scenario/worldclient/worldclient.go:255 msg="GET /api/chair/notificationへのリクエストに対して、期待されたHTTPステータスコードが確認できませんでした (expected:200, actual:500)"
time=19:37:31.134 level=DEBUG source=/tmp/isucon14/bench/benchmarker/scenario/worldclient/worldclient.go:454 msg="GET /api/app/notificationsへのリクエストに対して、期待されたHTTPステータスコードが確認できませんでした (expected:200, actual:500)"
time=19:37:31.135 level=DEBUG source=/tmp/isucon14/bench/benchmarker/scenario/worldclient/worldclient.go:454 msg="GET /api/app/notificationsへのリクエストに対して、期待されたHTTPステータスコードが確認できませんでした (expected:200, actual:500)"
time=19:37:31.135 level=DEBUG source=/tmp/isucon14/bench/benchmarker/scenario/worldclient/worldclient.go:454 msg="GET /api/app/notificationsへのリクエストに対して、期待されたHTTPステータスコードが確認できませんでした (expected:200, actual:500)"
time=19:37:31.136 level=DEBUG source=/tmp/isucon14/bench/benchmarker/scenario/worldclient/worldclient.go:255 msg="GET /api/chair/notificationへのリクエストに対して、期待されたHTTPステータスコードが確認できませんでした (expected:200, actual:500)"
time=19:37:31.136 level=DEBUG source=/tmp/isucon14/bench/benchmarker/scenario/worldclient/worldclient.go:454 msg="GET /api/app/notificationsへのリクエストに対して、期待されたHTTPステータスコードが確認できませんでした (expected:200, actual:500)"
time=19:37:31.136 level=DEBUG source=/tmp/isucon14/bench/benchmarker/scenario/worldclient/worldclient.go:255 msg="GET /api/chair/notificationへのリクエストに対して、期待されたHTTPステータスコードが確認できませんでした (expected:200, actual:500)"
time=19:37:31.136 level=WARN msg="椅子の座標送信に失敗しました (CODE=1): POST /api/chair/coordinateへのリクエストに対して、期待されたHTTPステータスコードが確認できませんでした (expected:200, actual:500)"
time=19:37:31.137 level=DEBUG source=/tmp/isucon14/bench/benchmarker/scenario/worldclient/worldclient.go:255 msg="GET /api/chair/notificationへのリクエストに対して、期待されたHTTPステータスコードが確認できませんでした (expected:200, actual:500)"
time=19:37:31.137 level=DEBUG source=/tmp/isucon14/bench/benchmarker/scenario/worldclient/worldclient.go:255 msg="GET /api/chair/notificationへのリクエストに対して、期待されたHTTPステータスコードが確認できませんでした (expected:200, actual:500)"
time=19:37:31.137 level=WARN msg="椅子の座標送信に失敗しました (CODE=1): POST /api/chair/coordinateへのリクエストに対して、期待されたHTTPステータスコードが確認できませんでした (expected:200, actual:500)"
time=19:37:31.137 level=DEBUG source=/tmp/isucon14/bench/benchmarker/scenario/worldclient/worldclient.go:255 msg="GET /api/chair/notificationへのリクエストに対して、期待されたHTTPステータスコードが確認できませんでした (expected:200, actual:500)"
time=19:37:31.137 level=DEBUG source=/tmp/isucon14/bench/benchmarker/scenario/worldclient/worldclient.go:255 msg="GET /api/chair/notificationへのリクエストに対して、期待されたHTTPステータスコードが確認できませんでした (expected:200, actual:500)"
time=19:37:31.137 level=DEBUG source=/tmp/isucon14/bench/benchmarker/scenario/worldclient/worldclient.go:255 msg="GET /api/chair/notificationへのリクエストに対して、期待されたHTTPステータスコードが確認できませんでした (expected:200, actual:500)"
time=19:37:31.137 level=DEBUG source=/tmp/isucon14/bench/benchmarker/scenario/worldclient/worldclient.go:255 msg="GET /api/chair/notificationへのリクエストに対して、期待されたHTTPステータスコードが確認できませんでした (expected:200, actual:500)"
time=19:37:31.138 level=DEBUG source=/tmp/isucon14/bench/benchmarker/scenario/worldclient/worldclient.go:255 msg="GET /api/chair/notificationへのリクエストに対して、期待されたHTTPステータスコードが確認できませんでした (expected:200, actual:500)"
time=19:37:31.139 level=DEBUG source=/tmp/isucon14/bench/benchmarker/scenario/worldclient/worldclient.go:255 msg="GET /api/chair/notificationへのリクエストに対して、期待されたHTTPステータスコードが確認できませんでした (expected:200, actual:500)"
time=19:37:31.139 level=DEBUG source=/tmp/isucon14/bench/benchmarker/scenario/worldclient/worldclient.go:255 msg="GET /api/chair/notificationへのリクエストに対して、期待されたHTTPステータスコードが確認できませんでした (expected:200, actual:500)"
time=19:37:31.140 level=DEBUG source=/tmp/isucon14/bench/benchmarker/scenario/worldclient/worldclient.go:255 msg="GET /api/chair/notificationへのリクエストに対して、期待されたHTTPステータスコードが確認できませんでした (expected:200, actual:500)"
time=19:37:31.140 level=DEBUG source=/tmp/isucon14/bench/benchmarker/scenario/worldclient/worldclient.go:255 msg="GET /api/chair/notificationへのリクエストに対して、期待されたHTTPステータスコードが確認できませんでした (expected:200, actual:500)"
time=19:37:31.140 level=DEBUG source=/tmp/isucon14/bench/benchmarker/scenario/worldclient/worldclient.go:255 msg="GET /api/chair/notificationへのリクエストに対して、期待されたHTTPステータスコードが確認できませんでした (expected:200, actual:500)"
time=19:37:31.141 level=WARN msg="椅子の座標送信に失敗しました (CODE=1): POST /api/chair/coordinateへのリクエストに対して、期待されたHTTPステータスコードが確認できませんでした (expected:200, actual:500)"
time=19:37:31.141 level=WARN msg="椅子の座標送信に失敗しました (CODE=1): POST /api/chair/coordinateへのリクエストに対して、期待されたHTTPステータスコードが確認できませんでした (expected:200, actual:500)"
time=19:37:31.141 level=WARN msg="椅子の座標送信に失敗しました (CODE=1): POST /api/chair/coordinateへのリクエストに対して、期待されたHTTPステータスコードが確認できませんでした (expected:200, actual:500)"
time=19:37:31.141 level=WARN msg="椅子の座標送信に失敗しました (CODE=1): POST /api/chair/coordinateへのリクエストに対して、期待されたHTTPステータスコードが確認できませんでした (expected:200, actual:500)"
time=19:37:31.142 level=WARN msg="椅子の座標送信に失敗しました (CODE=1): POST /api/chair/coordinateへのリクエストに対して、期待されたHTTPステータスコードが確認できませんでした (expected:200, actual:500)"
time=19:37:31.142 level=DEBUG source=/tmp/isucon14/bench/benchmarker/scenario/worldclient/worldclient.go:255 msg="GET /api/chair/notificationへのリクエストに対して、期待されたHTTPステータスコードが確認できませんでした (expected:200, actual:500)"
time=19:37:31.143 level=DEBUG source=/tmp/isucon14/bench/benchmarker/scenario/worldclient/worldclient.go:255 msg="GET /api/chair/notificationへのリクエストに対して、期待されたHTTPステータスコードが確認できませんでした (expected:200, actual:500)"
time=19:37:31.143 level=DEBUG source=/tmp/isucon14/bench/benchmarker/scenario/worldclient/worldclient.go:454 msg="GET /api/app/notificationsへのリクエストに対して、期待されたHTTPステータスコードが確認できませんでした (expected:200, actual:500)"
time=19:37:31.146 level=DEBUG source=/tmp/isucon14/bench/benchmarker/scenario/worldclient/worldclient.go:255 msg="GET /api/chair/notificationへのリクエストに対して、期待されたHTTPステータスコードが確認できませんでした (expected:200, actual:500)"
time=19:37:31.146 level=DEBUG source=/tmp/isucon14/bench/benchmarker/scenario/worldclient/worldclient.go:255 msg="GET /api/chair/notificationへのリクエストに対して、期待されたHTTPステータスコードが確認できませんでした (expected:200, actual:500)"
time=19:37:31.151 level=WARN msg="ユーザー登録に失敗しました (CODE=17): POST /api/app/usersへのリクエストに対して、期待されたHTTPステータスコードが確認できませんでした (expected:201, actual:500)"
time=19:37:31.151 level=WARN msg="ユーザー登録に失敗しました (CODE=17): POST /api/app/usersへのリクエストに対して、期待されたHTTPステータスコードが確認できませんでした (expected:201, actual:500)"
time=19:37:31.151 level=DEBUG source=/tmp/isucon14/bench/benchmarker/scenario/worldclient/worldclient.go:454 msg="GET /api/app/notificationsへのリクエストに対して、期待されたHTTPステータスコードが確認できませんでした (expected:200, actual:500)"
time=19:37:31.151 level=DEBUG source=/tmp/isucon14/bench/benchmarker/scenario/worldclient/worldclient.go:454 msg="GET /api/app/notificationsへのリクエストに対して、期待されたHTTPステータスコードが確認できませんでした (expected:200, actual:500)"
time=19:37:31.151 level=DEBUG source=/tmp/isucon14/bench/benchmarker/scenario/worldclient/worldclient.go:454 msg="GET /api/app/notificationsへのリクエストに対して、期待されたHTTPステータスコードが確認できませんでした (expected:200, actual:500)"
time=19:37:31.152 level=DEBUG source=/tmp/isucon14/bench/benchmarker/scenario/worldclient/worldclient.go:454 msg="GET /api/app/notificationsへのリクエストに対して、期待されたHTTPステータスコードが確認できませんでした (expected:200, actual:500)"
time=19:37:31.152 level=DEBUG source=/tmp/isucon14/bench/benchmarker/scenario/worldclient/worldclient.go:454 msg="GET /api/app/notificationsへのリクエストに対して、期待されたHTTPステータスコードが確認できませんでした (expected:200, actual:500)"
time=19:37:31.152 level=DEBUG source=/tmp/isucon14/bench/benchmarker/scenario/worldclient/worldclient.go:454 msg="GET /api/app/notificationsへのリクエストに対して、期待されたHTTPステータスコードが確認できませんでした (expected:200, actual:500)"
time=19:37:31.153 level=DEBUG source=/tmp/isucon14/bench/benchmarker/scenario/worldclient/worldclient.go:255 msg="GET /api/chair/notificationへのリクエストに対して、期待されたHTTPステータスコードが確認できませんでした (expected:200, actual:500)"
time=19:37:31.153 level=DEBUG source=/tmp/isucon14/bench/benchmarker/scenario/worldclient/worldclient.go:255 msg="GET /api/chair/notificationへのリクエストに対して、期待されたHTTPステータスコードが確認できませんでした (expected:200, actual:500)"
time=19:37:31.153 level=DEBUG source=/tmp/isucon14/bench/benchmarker/scenario/worldclient/worldclient.go:255 msg="GET /api/chair/notificationへのリクエストに対して、期待されたHTTPステータスコードが確認できませんでした (expected:200, actual:500)"
time=19:37:31.154 level=DEBUG source=/tmp/isucon14/bench/benchmarker/scenario/worldclient/worldclient.go:454 msg="GET /api/app/notificationsへのリクエストに対して、期待されたHTTPステータスコードが確認できませんでした (expected:200, actual:500)"
time=19:37:31.155 level=DEBUG source=/tmp/isucon14/bench/benchmarker/scenario/worldclient/worldclient.go:255 msg="GET /api/chair/notificationへのリクエストに対して、期待されたHTTPステータスコードが確認できませんでした (expected:200, actual:500)"
time=19:37:31.155 level=DEBUG source=/tmp/isucon14/bench/benchmarker/scenario/worldclient/worldclient.go:255 msg="GET /api/chair/notificationへのリクエストに対して、期待されたHTTPステータスコードが確認できませんでした (expected:200, actual:500)"
time=19:37:31.156 level=DEBUG source=/tmp/isucon14/bench/benchmarker/scenario/worldclient/worldclient.go:454 msg="GET /api/app/notificationsへのリクエストに対して、期待されたHTTPステータスコードが確認できませんでした (expected:200, actual:500)"
time=19:37:31.156 level=DEBUG source=/tmp/isucon14/bench/benchmarker/scenario/worldclient/worldclient.go:255 msg="GET /api/chair/notificationへのリクエストに対して、期待されたHTTPステータスコードが確認できませんでした (expected:200, actual:500)"
time=19:37:31.157 level=WARN msg="椅子の座標送信に失敗しました (CODE=1): POST /api/chair/coordinateへのリクエストに対して、期待されたHTTPステータスコードが確認できませんでした (expected:200, actual:500)"
time=19:37:31.157 level=WARN msg="椅子の座標送信に失敗しました (CODE=1): POST /api/chair/coordinateへのリクエストに対して、期待されたHTTPステータスコードが確認できませんでした (expected:200, actual:500)"
time=19:37:31.157 level=DEBUG source=/tmp/isucon14/bench/benchmarker/scenario/worldclient/worldclient.go:255 msg="GET /api/chair/notificationへのリクエストに対して、期待されたHTTPステータスコードが確認できませんでした (expected:200, actual:500)"
time=19:37:31.188 level=DEBUG source=/tmp/isucon14/bench/benchmarker/scenario/worldclient/worldclient.go:454 msg="GET /api/app/notificationsへのリクエストに対して、期待されたHTTPステータスコードが確認できませんでした (expected:200, actual:500)"
time=19:37:31.188 level=DEBUG source=/tmp/isucon14/bench/benchmarker/scenario/worldclient/worldclient.go:255 msg="GET /api/chair/notificationへのリクエストに対して、期待されたHTTPステータスコードが確認できませんでした (expected:200, actual:500)"
time=19:37:31.188 level=DEBUG source=/tmp/isucon14/bench/benchmarker/scenario/worldclient/worldclient.go:454 msg="GET /api/app/notificationsへのリクエストに対して、期待されたHTTPステータスコードが確認できませんでした (expected:200, actual:500)"
time=19:37:31.188 level=DEBUG source=/tmp/isucon14/bench/benchmarker/scenario/worldclient/worldclient.go:454 msg="GET /api/app/notificationsへのリクエストに対して、期待されたHTTPステータスコードが確認できませんでした (expected:200, actual:500)"
time=19:37:31.188 level=DEBUG source=/tmp/isucon14/bench/benchmarker/scenario/worldclient/worldclient.go:255 msg="GET /api/chair/notificationへのリクエストに対して、期待されたHTTPステータスコードが確認できませんでした (expected:200, actual:500)"
time=19:37:31.188 level=DEBUG source=/tmp/isucon14/bench/benchmarker/scenario/worldclient/worldclient.go:255 msg="GET /api/chair/notificationへのリクエストに対して、期待されたHTTPステータスコードが確認できませんでした (expected:200, actual:500)"
time=19:37:31.188 level=DEBUG source=/tmp/isucon14/bench/benchmarker/scenario/worldclient/worldclient.go:255 msg="GET /api/chair/notificationへのリクエストに対して、期待されたHTTPステータスコードが確認できませんでした (expected:200, actual:500)"
time=19:37:31.189 level=DEBUG source=/tmp/isucon14/bench/benchmarker/scenario/worldclient/worldclient.go:255 msg="GET /api/chair/notificationへのリクエストに対して、期待されたHTTPステータスコードが確認できませんでした (expected:200, actual:500)"
time=19:37:31.190 level=DEBUG source=/tmp/isucon14/bench/benchmarker/scenario/worldclient/worldclient.go:255 msg="GET /api/chair/notificationへのリクエストに対して、期待されたHTTPステータスコードが確認できませんでした (expected:200, actual:500)"
time=19:37:31.190 level=DEBUG source=/tmp/isucon14/bench/benchmarker/scenario/worldclient/worldclient.go:255 msg="GET /api/chair/notificationへのリクエストに対して、期待されたHTTPステータスコードが確認できませんでした (expected:200, actual:500)"
time=19:37:31.190 level=DEBUG source=/tmp/isucon14/bench/benchmarker/scenario/worldclient/worldclient.go:255 msg="GET /api/chair/notificationへのリクエストに対して、期待されたHTTPステータスコードが確認できませんでした (expected:200, actual:500)"
time=19:37:31.191 level=DEBUG source=/tmp/isucon14/bench/benchmarker/scenario/worldclient/worldclient.go:255 msg="GET /api/chair/notificationへのリクエストに対して、期待されたHTTPステータスコードが確認できませんでした (expected:200, actual:500)"
time=19:37:31.191 level=DEBUG source=/tmp/isucon14/bench/benchmarker/scenario/worldclient/worldclient.go:255 msg="GET /api/chair/notificationへのリクエストに対して、期待されたHTTPステータスコードが確認できませんでした (expected:200, actual:500)"
time=19:37:31.195 level=DEBUG source=/tmp/isucon14/bench/benchmarker/scenario/worldclient/worldclient.go:454 msg="GET /api/app/notificationsへのリクエストに対して、期待されたHTTPステータスコードが確認できませんでした (expected:200, actual:500)"
time=19:37:31.195 level=DEBUG source=/tmp/isucon14/bench/benchmarker/scenario/worldclient/worldclient.go:255 msg="GET /api/chair/notificationへのリクエストに対して、期待されたHTTPステータスコードが確認できませんでした (expected:200, actual:500)"
time=19:37:31.208 level=WARN msg="ユーザーの支払い情報の登録に失敗しました (CODE=21): POST /api/app/payment-methodsへのリクエストに対して、期待されたHTTPステータスコードが確認できませんでした (expected:204, actual:500)"
time=19:37:31.209 level=DEBUG source=/tmp/isucon14/bench/benchmarker/scenario/worldclient/worldclient.go:454 msg="GET /api/app/notificationsへのリクエストに対して、期待されたHTTPステータスコードが確認できませんでした (expected:200, actual:500)"
time=19:37:31.209 level=DEBUG source=/tmp/isucon14/bench/benchmarker/scenario/worldclient/worldclient.go:255 msg="GET /api/chair/notificationへのリクエストに対して、期待されたHTTPステータスコードが確認できませんでした (expected:200, actual:500)"
time=19:37:31.210 level=WARN msg="椅子の座標送信に失敗しました (CODE=1): POST /api/chair/coordinateへのリクエストに対して、期待されたHTTPステータスコードが確認できませんでした (expected:200, actual:500)"
time=19:37:31.210 level=WARN msg="椅子の座標送信に失敗しました (CODE=1): POST /api/chair/coordinateへのリクエストに対して、期待されたHTTPステータスコードが確認できませんでした (expected:200, actual:500)"
time=19:37:31.210 level=WARN msg="椅子の座標送信に失敗しました (CODE=1): POST /api/chair/coordinateへのリクエストに対して、期待されたHTTPステータスコードが確認できませんでした (expected:200, actual:500)"
time=19:37:31.210 level=WARN msg="椅子の座標送信に失敗しました (CODE=1): POST /api/chair/coordinateへのリクエストに対して、期待されたHTTPステータスコードが確認できませんでした (expected:200, actual:500)"
time=19:37:31.210 level=WARN msg="椅子の座標送信に失敗しました (CODE=1): POST /api/chair/coordinateへのリクエストに対して、期待されたHTTPステータスコードが確認できませんでした (expected:200, actual:500)"
time=19:37:31.210 level=WARN msg="椅子の座標送信に失敗しました (CODE=1): POST /api/chair/coordinateへのリクエストに対して、期待されたHTTPステータスコードが確認できませんでした (expected:200, actual:500)"
time=19:37:31.210 level=WARN msg="椅子の座標送信に失敗しました (CODE=1): POST /api/chair/coordinateへのリクエストに対して、期待されたHTTPステータスコードが確認できませんでした (expected:200, actual:500)"
time=19:37:31.211 level=WARN msg="椅子の座標送信に失敗しました (CODE=1): POST /api/chair/coordinateへのリクエストに対して、期待されたHTTPステータスコードが確認できませんでした (expected:200, actual:500)"
time=19:37:31.212 level=WARN msg="椅子の座標送信に失敗しました (CODE=1): POST /api/chair/coordinateへのリクエストに対して、期待されたHTTPステータスコードが確認できませんでした (expected:200, actual:500)"
time=19:37:31.212 level=WARN msg="椅子の座標送信に失敗しました (CODE=1): POST /api/chair/coordinateへのリクエストに対して、期待されたHTTPステータスコードが確認できませんでした (expected:200, actual:500)"
time=19:37:31.212 level=WARN msg="椅子の座標送信に失敗しました (CODE=1): POST /api/chair/coordinateへのリクエストに対して、期待されたHTTPステータスコードが確認できませんでした (expected:200, actual:500)"
time=19:37:31.212 level=WARN msg="椅子の座標送信に失敗しました (CODE=1): POST /api/chair/coordinateへのリクエストに対して、期待されたHTTPステータスコードが確認できませんでした (expected:200, actual:500)"
time=19:37:31.212 level=WARN msg="椅子の座標送信に失敗しました (CODE=1): POST /api/chair/coordinateへのリクエストに対して、期待されたHTTPステータスコードが確認できませんでした (expected:200, actual:500)"
time=19:37:31.213 level=WARN msg="椅子の座標送信に失敗しました (CODE=1): POST /api/chair/coordinateへのリクエストに対して、期待されたHTTPステータスコードが確認できませんでした (expected:200, actual:500)"
time=19:37:31.213 level=WARN msg="椅子の座標送信に失敗しました (CODE=1): POST /api/chair/coordinateへのリクエストに対して、期待されたHTTPステータスコードが確認できませんでした (expected:200, actual:500)"
time=19:37:31.213 level=WARN msg="椅子の座標送信に失敗しました (CODE=1): POST /api/chair/coordinateへのリクエストに対して、期待されたHTTPステータスコードが確認できませんでした (expected:200, actual:500)"
time=19:37:31.213 level=WARN msg="椅子の座標送信に失敗しました (CODE=1): POST /api/chair/coordinateへのリクエストに対して、期待されたHTTPステータスコードが確認できませんでした (expected:200, actual:500)"
time=19:37:31.213 level=DEBUG source=/tmp/isucon14/bench/benchmarker/scenario/worldclient/worldclient.go:255 msg="GET /api/chair/notificationへのリクエストに対して、期待されたHTTPステータスコードが確認できませんでした (expected:200, actual:500)"
time=19:37:31.214 level=DEBUG source=/tmp/isucon14/bench/benchmarker/scenario/worldclient/worldclient.go:255 msg="GET /api/chair/notificationへのリクエストに対して、期待されたHTTPステータスコードが確認できませんでした (expected:200, actual:500)"
time=19:37:31.214 level=DEBUG source=/tmp/isucon14/bench/benchmarker/scenario/worldclient/worldclient.go:255 msg="GET /api/chair/notificationへのリクエストに対して、期待されたHTTPステータスコードが確認できませんでした (expected:200, actual:500)"
time=19:37:31.214 level=WARN msg="椅子の座標送信に失敗しました (CODE=1): POST /api/chair/coordinateへのリクエストに対して、期待されたHTTPステータスコードが確認できませんでした (expected:200, actual:500)"
time=19:37:31.214 level=WARN msg="椅子の座標送信に失敗しました (CODE=1): POST /api/chair/coordinateへのリクエストに対して、期待されたHTTPステータスコードが確認できませんでした (expected:200, actual:500)"
time=19:37:31.334 level=DEBUG source=/tmp/isucon14/bench/benchmarker/scenario/worldclient/worldclient.go:255 msg="GET /api/chair/notificationへのリクエストに対して、期待されたHTTPステータスコードが確認できませんでした (expected:200, actual:500)"
time=19:37:31.335 level=DEBUG source=/tmp/isucon14/bench/benchmarker/scenario/worldclient/worldclient.go:255 msg="GET /api/chair/notificationへのリクエストに対して、期待されたHTTPステータスコードが確認できませんでした (expected:200, actual:500)"
time=19:37:31.336 level=WARN msg="椅子の座標送信に失敗しました (CODE=1): POST /api/chair/coordinateへのリクエストに対して、期待されたHTTPステータスコードが確認できませんでした (expected:200, actual:500)"
time=19:37:31.337 level=WARN msg="椅子の座標送信に失敗しました (CODE=1): POST /api/chair/coordinateへのリクエストに対して、期待されたHTTPステータスコードが確認できませんでした (expected:200, actual:500)"
time=19:37:31.345 level=WARN msg="椅子の座標送信に失敗しました (CODE=1): POST /api/chair/coordinateへのリクエストに対して、期待されたHTTPステータスコードが確認できませんでした (expected:200, actual:500)"
time=19:37:31.345 level=WARN msg="椅子の座標送信に失敗しました (CODE=1): POST /api/chair/coordinateへのリクエストに対して、期待されたHTTPステータスコードが確認できませんでした (expected:200, actual:500)"
time=19:37:31.345 level=WARN msg="椅子の座標送信に失敗しました (CODE=1): POST /api/chair/coordinateへのリクエストに対して、期待されたHTTPステータスコードが確認できませんでした (expected:200, actual:500)"
time=19:37:31.345 level=DEBUG source=/tmp/isucon14/bench/benchmarker/scenario/worldclient/worldclient.go:255 msg="GET /api/chair/notificationへのリクエストに対して、期待されたHTTPステータスコードが確認できませんでした (expected:200, actual:500)"
time=19:37:31.730 level=WARN msg="椅子の座標送信に失敗しました (CODE=1): POST /api/chair/coordinateへのリクエストに対して、期待されたHTTPステータスコードが確認できませんでした (expected:200, actual:500)"
time=19:37:31.730 level=DEBUG source=/tmp/isucon14/bench/benchmarker/scenario/worldclient/worldclient.go:255 msg="GET /api/chair/notificationへのリクエストに対して、期待されたHTTPステータスコードが確認できませんでした (expected:200, actual:500)"
time=19:37:31.730 level=DEBUG source=/tmp/isucon14/bench/benchmarker/scenario/worldclient/worldclient.go:255 msg="GET /api/chair/notificationへのリクエストに対して、期待されたHTTPステータスコードが確認できませんでした (expected:200, actual:500)"
time=19:37:31.730 level=WARN msg="椅子の座標送信に失敗しました (CODE=1): POST /api/chair/coordinateへのリクエストに対して、期待されたHTTPステータスコードが確認できませんでした (expected:200, actual:500)"
time=19:37:31.730 level=DEBUG source=/tmp/isucon14/bench/benchmarker/scenario/worldclient/worldclient.go:255 msg="GET /api/chair/notificationへのリクエストに対して、期待されたHTTPステータスコードが確認できませんでした (expected:200, actual:500)"
time=19:37:31.730 level=DEBUG source=/tmp/isucon14/bench/benchmarker/scenario/worldclient/worldclient.go:255 msg="GET /api/chair/notificationへのリクエストに対して、期待されたHTTPステータスコードが確認できませんでした (expected:200, actual:500)"
time=19:37:31.730 level=DEBUG source=/tmp/isucon14/bench/benchmarker/scenario/worldclient/worldclient.go:454 msg="GET /api/app/notificationsへのリクエストに対して、期待されたHTTPステータスコードが確認できませんでした (expected:200, actual:500)"
time=19:37:31.730 level=DEBUG source=/tmp/isucon14/bench/benchmarker/scenario/worldclient/worldclient.go:255 msg="GET /api/chair/notificationへのリクエストに対して、期待されたHTTPステータスコードが確認できませんでした (expected:200, actual:500)"
time=19:37:31.730 level=DEBUG source=/tmp/isucon14/bench/benchmarker/scenario/worldclient/worldclient.go:255 msg="GET /api/chair/notificationへのリクエストに対して、期待されたHTTPステータスコードが確認できませんでした (expected:200, actual:500)"
time=19:37:31.730 level=DEBUG source=/tmp/isucon14/bench/benchmarker/scenario/worldclient/worldclient.go:454 msg="GET /api/app/notificationsへのリクエストに対して、期待されたHTTPステータスコードが確認できませんでした (expected:200, actual:500)"
time=19:37:31.730 level=DEBUG source=/tmp/isucon14/bench/benchmarker/scenario/worldclient/worldclient.go:454 msg="GET /api/app/notificationsへのリクエストに対して、期待されたHTTPステータスコードが確認できませんでした (expected:200, actual:500)"
time=19:37:31.734 level=DEBUG source=/tmp/isucon14/bench/benchmarker/scenario/worldclient/worldclient.go:454 msg="GET /api/app/notificationsへのリクエストに対して、期待されたHTTPステータスコードが確認できませんでした (expected:200, actual:500)"
time=19:37:31.734 level=DEBUG source=/tmp/isucon14/bench/benchmarker/scenario/worldclient/worldclient.go:255 msg="GET /api/chair/notificationへのリクエストに対して、期待されたHTTPステータスコードが確認できませんでした (expected:200, actual:500)"
time=19:37:31.744 level=WARN msg="椅子の座標送信に失敗しました (CODE=1): POST /api/chair/coordinateへのリクエストに対して、期待されたHTTPステータスコードが確認できませんでした (expected:200, actual:500)"
time=19:37:31.744 level=DEBUG source=/tmp/isucon14/bench/benchmarker/scenario/worldclient/worldclient.go:454 msg="GET /api/app/notificationsへのリクエストに対して、期待されたHTTPステータスコードが確認できませんでした (expected:200, actual:500)"
time=19:37:31.766 level=DEBUG source=/tmp/isucon14/bench/benchmarker/scenario/worldclient/worldclient.go:454 msg="GET /api/app/notificationsへのリクエストに対して、期待されたHTTPステータスコードが確認できませんでした (expected:200, actual:500)"
time=19:37:31.766 level=DEBUG source=/tmp/isucon14/bench/benchmarker/scenario/worldclient/worldclient.go:454 msg="GET /api/app/notificationsへのリクエストに対して、期待されたHTTPステータスコードが確認できませんでした (expected:200, actual:500)"
time=19:37:31.766 level=DEBUG source=/tmp/isucon14/bench/benchmarker/scenario/worldclient/worldclient.go:454 msg="GET /api/app/notificationsへのリクエストに対して、期待されたHTTPステータスコードが確認できませんでした (expected:200, actual:500)"
time=19:37:31.766 level=DEBUG source=/tmp/isucon14/bench/benchmarker/scenario/worldclient/worldclient.go:255 msg="GET /api/chair/notificationへのリクエストに対して、期待されたHTTPステータスコードが確認できませんでした (expected:200, actual:500)"
time=19:37:31.766 level=DEBUG source=/tmp/isucon14/bench/benchmarker/scenario/worldclient/worldclient.go:454 msg="GET /api/app/notificationsへのリクエストに対して、期待されたHTTPステータスコードが確認できませんでした (expected:200, actual:500)"
time=19:37:31.766 level=DEBUG source=/tmp/isucon14/bench/benchmarker/scenario/worldclient/worldclient.go:255 msg="GET /api/chair/notificationへのリクエストに対して、期待されたHTTPステータスコードが確認できませんでした (expected:200, actual:500)"
time=19:37:31.817 level=DEBUG source=/tmp/isucon14/bench/benchmarker/scenario/worldclient/worldclient.go:454 msg="GET /api/app/notificationsへのリクエストに対して、期待されたHTTPステータスコードが確認できませんでした (expected:200, actual:500)"
time=19:37:31.819 level=DEBUG source=/tmp/isucon14/bench/benchmarker/scenario/worldclient/worldclient.go:454 msg="GET /api/app/notificationsへのリクエストに対して、期待されたHTTPステータスコードが確認できませんでした (expected:200, actual:500)"
time=19:37:31.820 level=DEBUG source=/tmp/isucon14/bench/benchmarker/scenario/worldclient/worldclient.go:454 msg="GET /api/app/notificationsへのリクエストに対して、期待されたHTTPステータスコードが確認できませんでした (expected:200, actual:500)"
time=19:37:31.820 level=DEBUG source=/tmp/isucon14/bench/benchmarker/scenario/worldclient/worldclient.go:454 msg="GET /api/app/notificationsへのリクエストに対して、期待されたHTTPステータスコードが確認できませんでした (expected:200, actual:500)"
time=19:37:31.820 level=DEBUG source=/tmp/isucon14/bench/benchmarker/scenario/worldclient/worldclient.go:255 msg="GET /api/chair/notificationへのリクエストに対して、期待されたHTTPステータスコードが確認できませんでした (expected:200, actual:500)"
time=19:37:31.821 level=DEBUG source=/tmp/isucon14/bench/benchmarker/scenario/worldclient/worldclient.go:454 msg="GET /api/app/notificationsへのリクエストに対して、期待されたHTTPステータスコードが確認できませんでした (expected:200, actual:500)"
time=19:37:31.825 level=DEBUG source=/tmp/isucon14/bench/benchmarker/scenario/worldclient/worldclient.go:255 msg="GET /api/chair/notificationへのリクエストに対して、期待されたHTTPステータスコードが確認できませんでした (expected:200, actual:500)"
time=19:37:31.827 level=DEBUG source=/tmp/isucon14/bench/benchmarker/scenario/worldclient/worldclient.go:255 msg="GET /api/chair/notificationへのリクエストに対して、期待されたHTTPステータスコードが確認できませんでした (expected:200, actual:500)"
time=19:37:31.828 level=DEBUG source=/tmp/isucon14/bench/benchmarker/scenario/worldclient/worldclient.go:255 msg="GET /api/chair/notificationへのリクエストに対して、期待されたHTTPステータスコードが確認できませんでした (expected:200, actual:500)"
time=19:37:31.831 level=DEBUG source=/tmp/isucon14/bench/benchmarker/scenario/worldclient/worldclient.go:454 msg="GET /api/app/notificationsへのリクエストに対して、期待されたHTTPステータスコードが確認できませんでした (expected:200, actual:500)"
time=19:37:31.832 level=DEBUG source=/tmp/isucon14/bench/benchmarker/scenario/worldclient/worldclient.go:255 msg="GET /api/chair/notificationへのリクエストに対して、期待されたHTTPステータスコードが確認できませんでした (expected:200, actual:500)"
time=19:37:31.832 level=DEBUG source=/tmp/isucon14/bench/benchmarker/scenario/worldclient/worldclient.go:454 msg="GET /api/app/notificationsへのリクエストに対して、期待されたHTTPステータスコードが確認できませんでした (expected:200, actual:500)"
time=19:37:31.832 level=DEBUG source=/tmp/isucon14/bench/benchmarker/scenario/worldclient/worldclient.go:454 msg="GET /api/app/notificationsへのリクエストに対して、期待されたHTTPステータスコードが確認できませんでした (expected:200, actual:500)"
time=19:37:31.832 level=DEBUG source=/tmp/isucon14/bench/benchmarker/scenario/worldclient/worldclient.go:255 msg="GET /api/chair/notificationへのリクエストに対して、期待されたHTTPステータスコードが確認できませんでした (expected:200, actual:500)"
time=19:37:31.833 level=DEBUG source=/tmp/isucon14/bench/benchmarker/scenario/worldclient/worldclient.go:454 msg="GET /api/app/notificationsへのリクエストに対して、期待されたHTTPステータスコードが確認できませんでした (expected:200, actual:500)"
time=19:37:31.833 level=DEBUG source=/tmp/isucon14/bench/benchmarker/scenario/worldclient/worldclient.go:454 msg="GET /api/app/notificationsへのリクエストに対して、期待されたHTTPステータスコードが確認できませんでした (expected:200, actual:500)"
time=19:37:31.833 level=DEBUG source=/tmp/isucon14/bench/benchmarker/scenario/worldclient/worldclient.go:454 msg="GET /api/app/notificationsへのリクエストに対して、期待されたHTTPステータスコードが確認できませんでした (expected:200, actual:500)"
time=19:37:31.834 level=DEBUG source=/tmp/isucon14/bench/benchmarker/scenario/worldclient/worldclient.go:255 msg="GET /api/chair/notificationへのリクエストに対して、期待されたHTTPステータスコードが確認できませんでした (expected:200, actual:500)"
time=19:37:31.836 level=DEBUG source=/tmp/isucon14/bench/benchmarker/scenario/worldclient/worldclient.go:454 msg="GET /api/app/notificationsへのリクエストに対して、期待されたHTTPステータスコードが確認できませんでした (expected:200, actual:500)"
time=19:37:31.838 level=DEBUG source=/tmp/isucon14/bench/benchmarker/scenario/worldclient/worldclient.go:255 msg="GET /api/chair/notificationへのリクエストに対して、期待されたHTTPステータスコードが確認できませんでした (expected:200, actual:500)"
time=19:37:31.839 level=DEBUG source=/tmp/isucon14/bench/benchmarker/scenario/worldclient/worldclient.go:255 msg="GET /api/chair/notificationへのリクエストに対して、期待されたHTTPステータスコードが確認できませんでした (expected:200, actual:500)"
time=19:37:31.839 level=DEBUG source=/tmp/isucon14/bench/benchmarker/scenario/worldclient/worldclient.go:255 msg="GET /api/chair/notificationへのリクエストに対して、期待されたHTTPステータスコードが確認できませんでした (expected:200, actual:500)"
time=19:37:31.840 level=DEBUG source=/tmp/isucon14/bench/benchmarker/scenario/worldclient/worldclient.go:454 msg="GET /api/app/notificationsへのリクエストに対して、期待されたHTTPステータスコードが確認できませんでした (expected:200, actual:500)"
time=19:37:31.840 level=DEBUG source=/tmp/isucon14/bench/benchmarker/scenario/worldclient/worldclient.go:454 msg="GET /api/app/notificationsへのリクエストに対して、期待されたHTTPステータスコードが確認できませんでした (expected:200, actual:500)"
time=19:37:31.840 level=DEBUG source=/tmp/isucon14/bench/benchmarker/scenario/worldclient/worldclient.go:454 msg="GET /api/app/notificationsへのリクエストに対して、期待されたHTTPステータスコードが確認できませんでした (expected:200, actual:500)"
time=19:37:31.848 level=DEBUG source=/tmp/isucon14/bench/benchmarker/scenario/worldclient/worldclient.go:255 msg="GET /api/chair/notificationへのリクエストに対して、期待されたHTTPステータスコードが確認できませんでした (expected:200, actual:500)"
time=19:37:31.848 level=DEBUG source=/tmp/isucon14/bench/benchmarker/scenario/worldclient/worldclient.go:454 msg="GET /api/app/notificationsへのリクエストに対して、期待されたHTTPステータスコードが確認できませんでした (expected:200, actual:500)"
time=19:37:31.944 level=WARN msg="椅子の座標送信に失敗しました (CODE=1): POST /api/chair/coordinateへのリクエストに対して、期待されたHTTPステータスコードが確認できませんでした (expected:200, actual:500)"
time=19:37:31.943 level=DEBUG source=/tmp/isucon14/bench/benchmarker/scenario/worldclient/worldclient.go:454 msg="GET /api/app/notificationsへのリクエストに対して、期待されたHTTPステータスコードが確認できませんでした (expected:200, actual:500)"
time=19:37:31.943 level=DEBUG source=/tmp/isucon14/bench/benchmarker/scenario/worldclient/worldclient.go:454 msg="GET /api/app/notificationsへのリクエストに対して、期待されたHTTPステータスコードが確認できませんでした (expected:200, actual:500)"
time=19:37:31.943 level=DEBUG source=/tmp/isucon14/bench/benchmarker/scenario/worldclient/worldclient.go:454 msg="GET /api/app/notificationsへのリクエストに対して、期待されたHTTPステータスコードが確認できませんでした (expected:200, actual:500)"
time=19:37:31.943 level=DEBUG source=/tmp/isucon14/bench/benchmarker/scenario/worldclient/worldclient.go:454 msg="GET /api/app/notificationsへのリクエストに対して、期待されたHTTPステータスコードが確認できませんでした (expected:200, actual:500)"
time=19:37:31.944 level=DEBUG source=/tmp/isucon14/bench/benchmarker/scenario/worldclient/worldclient.go:454 msg="GET /api/app/notificationsへのリクエストに対して、期待されたHTTPステータスコードが確認できませんでした (expected:200, actual:500)"
time=19:37:31.944 level=DEBUG source=/tmp/isucon14/bench/benchmarker/scenario/worldclient/worldclient.go:255 msg="GET /api/chair/notificationへのリクエストに対して、期待されたHTTPステータスコードが確認できませんでした (expected:200, actual:500)"
time=19:37:31.944 level=DEBUG source=/tmp/isucon14/bench/benchmarker/scenario/worldclient/worldclient.go:454 msg="GET /api/app/notificationsへのリクエストに対して、期待されたHTTPステータスコードが確認できませんでした (expected:200, actual:500)"
time=19:37:31.944 level=DEBUG source=/tmp/isucon14/bench/benchmarker/scenario/worldclient/worldclient.go:454 msg="GET /api/app/notificationsへのリクエストに対して、期待されたHTTPステータスコードが確認できませんでした (expected:200, actual:500)"
time=19:37:31.944 level=DEBUG source=/tmp/isucon14/bench/benchmarker/scenario/worldclient/worldclient.go:454 msg="GET /api/app/notificationsへのリクエストに対して、期待されたHTTPステータスコードが確認できませんでした (expected:200, actual:500)"
time=19:37:31.944 level=DEBUG source=/tmp/isucon14/bench/benchmarker/scenario/worldclient/worldclient.go:454 msg="GET /api/app/notificationsへのリクエストに対して、期待されたHTTPステータスコードが確認できませんでした (expected:200, actual:500)"
time=19:37:31.944 level=DEBUG source=/tmp/isucon14/bench/benchmarker/scenario/worldclient/worldclient.go:255 msg="GET /api/chair/notificationへのリクエストに対して、期待されたHTTPステータスコードが確認できませんでした (expected:200, actual:500)"
time=19:37:31.944 level=DEBUG source=/tmp/isucon14/bench/benchmarker/scenario/worldclient/worldclient.go:454 msg="GET /api/app/notificationsへのリクエストに対して、期待されたHTTPステータスコードが確認できませんでした (expected:200, actual:500)"
time=19:37:31.944 level=DEBUG source=/tmp/isucon14/bench/benchmarker/scenario/worldclient/worldclient.go:255 msg="GET /api/chair/notificationへのリクエストに対して、期待されたHTTPステータスコードが確認できませんでした (expected:200, actual:500)"
time=19:37:31.944 level=DEBUG source=/tmp/isucon14/bench/benchmarker/scenario/worldclient/worldclient.go:255 msg="GET /api/chair/notificationへのリクエストに対して、期待されたHTTPステータスコードが確認できませんでした (expected:200, actual:500)"
time=19:37:31.946 level=DEBUG source=/tmp/isucon14/bench/benchmarker/scenario/worldclient/worldclient.go:255 msg="GET /api/chair/notificationへのリクエストに対して、期待されたHTTPステータスコードが確認できませんでした (expected:200, actual:500)"
time=19:37:31.947 level=DEBUG source=/tmp/isucon14/bench/benchmarker/scenario/worldclient/worldclient.go:255 msg="GET /api/chair/notificationへのリクエストに対して、期待されたHTTPステータスコードが確認できませんでした (expected:200, actual:500)"
time=19:37:31.947 level=DEBUG source=/tmp/isucon14/bench/benchmarker/scenario/worldclient/worldclient.go:255 msg="GET /api/chair/notificationへのリクエストに対して、期待されたHTTPステータスコードが確認できませんでした (expected:200, actual:500)"
time=19:37:31.947 level=DEBUG source=/tmp/isucon14/bench/benchmarker/scenario/worldclient/worldclient.go:454 msg="GET /api/app/notificationsへのリクエストに対して、期待されたHTTPステータスコードが確認できませんでした (expected:200, actual:500)"
time=19:37:31.947 level=DEBUG source=/tmp/isucon14/bench/benchmarker/scenario/worldclient/worldclient.go:454 msg="GET /api/app/notificationsへのリクエストに対して、期待されたHTTPステータスコードが確認できませんでした (expected:200, actual:500)"
time=19:37:31.947 level=DEBUG source=/tmp/isucon14/bench/benchmarker/scenario/worldclient/worldclient.go:454 msg="GET /api/app/notificationsへのリクエストに対して、期待されたHTTPステータスコードが確認できませんでした (expected:200, actual:500)"
time=19:37:31.947 level=DEBUG source=/tmp/isucon14/bench/benchmarker/scenario/worldclient/worldclient.go:255 msg="GET /api/chair/notificationへのリクエストに対して、期待されたHTTPステータスコードが確認できませんでした (expected:200, actual:500)"
time=19:37:31.948 level=DEBUG source=/tmp/isucon14/bench/benchmarker/scenario/worldclient/worldclient.go:454 msg="GET /api/app/notificationsへのリクエストに対して、期待されたHTTPステータスコードが確認できませんでした (expected:200, actual:500)"
time=19:37:31.949 level=DEBUG source=/tmp/isucon14/bench/benchmarker/scenario/worldclient/worldclient.go:255 msg="GET /api/chair/notificationへのリクエストに対して、期待されたHTTPステータスコードが確認できませんでした (expected:200, actual:500)"
time=19:37:31.949 level=DEBUG source=/tmp/isucon14/bench/benchmarker/scenario/worldclient/worldclient.go:454 msg="GET /api/app/notificationsへのリクエストに対して、期待されたHTTPステータスコードが確認できませんでした (expected:200, actual:500)"
time=19:37:31.950 level=DEBUG source=/tmp/isucon14/bench/benchmarker/scenario/worldclient/worldclient.go:255 msg="GET /api/chair/notificationへのリクエストに対して、期待されたHTTPステータスコードが確認できませんでした (expected:200, actual:500)"
time=19:37:31.950 level=DEBUG source=/tmp/isucon14/bench/benchmarker/scenario/worldclient/worldclient.go:255 msg="GET /api/chair/notificationへのリクエストに対して、期待されたHTTPステータスコードが確認できませんでした (expected:200, actual:500)"
time=19:37:31.951 level=DEBUG source=/tmp/isucon14/bench/benchmarker/scenario/worldclient/worldclient.go:454 msg="GET /api/app/notificationsへのリクエストに対して、期待されたHTTPステータスコードが確認できませんでした (expected:200, actual:500)"
time=19:37:31.951 level=DEBUG source=/tmp/isucon14/bench/benchmarker/scenario/worldclient/worldclient.go:454 msg="GET /api/app/notificationsへのリクエストに対して、期待されたHTTPステータスコードが確認できませんでした (expected:200, actual:500)"
time=19:37:31.951 level=DEBUG source=/tmp/isucon14/bench/benchmarker/scenario/worldclient/worldclient.go:454 msg="GET /api/app/notificationsへのリクエストに対して、期待されたHTTPステータスコードが確認できませんでした (expected:200, actual:500)"
time=19:37:31.991 level=DEBUG source=/tmp/isucon14/bench/benchmarker/scenario/worldclient/worldclient.go:255 msg="GET /api/chair/notificationへのリクエストに対して、期待されたHTTPステータスコードが確認できませんでした (expected:200, actual:500)"
time=19:37:31.995 level=DEBUG source=/tmp/isucon14/bench/benchmarker/scenario/worldclient/worldclient.go:255 msg="GET /api/chair/notificationへのリクエストに対して、期待されたHTTPステータスコードが確認できませんでした (expected:200, actual:500)"
time=19:37:31.996 level=DEBUG source=/tmp/isucon14/bench/benchmarker/scenario/worldclient/worldclient.go:454 msg="GET /api/app/notificationsへのリクエストに対して、期待されたHTTPステータスコードが確認できませんでした (expected:200, actual:500)"
time=19:37:31.997 level=DEBUG source=/tmp/isucon14/bench/benchmarker/scenario/worldclient/worldclient.go:454 msg="GET /api/app/notificationsへのリクエストに対して、期待されたHTTPステータスコードが確認できませんでした (expected:200, actual:500)"
time=19:37:31.997 level=WARN msg="椅子の座標送信に失敗しました (CODE=1): POST /api/chair/coordinateへのリクエストに対して、期待されたHTTPステータスコードが確認できませんでした (expected:200, actual:500)"
time=19:37:31.997 level=DEBUG source=/tmp/isucon14/bench/benchmarker/scenario/worldclient/worldclient.go:255 msg="GET /api/chair/notificationへのリクエストに対して、期待されたHTTPステータスコードが確認できませんでした (expected:200, actual:500)"
time=19:37:31.997 level=WARN msg="椅子の座標送信に失敗しました (CODE=1): POST /api/chair/coordinateへのリクエストに対して、期待されたHTTPステータスコードが確認できませんでした (expected:200, actual:500)"
time=19:37:31.998 level=ERROR msg=クリティカルエラーが発生しました error=発生しているエラーが多すぎます
time=19:37:31.997 level=WARN msg="椅子の座標送信に失敗しました (CODE=1): POST /api/chair/coordinateへのリクエストに対して、期待されたHTTPステータスコードが確認できませんでした (expected:200, actual:500)"
time=19:37:31.997 level=WARN msg="椅子の座標送信に失敗しました (CODE=1): POST /api/chair/coordinateへのリクエストに対して、期待されたHTTPステータスコードが確認できませんでした (expected:200, actual:500)"
time=19:37:31.997 level=DEBUG source=/tmp/isucon14/bench/benchmarker/scenario/worldclient/worldclient.go:454 msg="GET /api/app/notificationsへのリクエストに対して、期待されたHTTPステータスコードが確認できませんでした (expected:200, actual:500)"
time=19:37:31.997 level=DEBUG source=/tmp/isucon14/bench/benchmarker/scenario/worldclient/worldclient.go:454 msg="GET /api/app/notificationsへのリクエストに対して、期待されたHTTPステータスコードが確認できませんでした (expected:200, actual:500)"
time=19:37:31.997 level=DEBUG source=/tmp/isucon14/bench/benchmarker/scenario/worldclient/worldclient.go:255 msg="GET /api/chair/notificationへのリクエストに対して、期待されたHTTPステータスコードが確認できませんでした (expected:200, actual:500)"
time=19:37:31.997 level=DEBUG source=/tmp/isucon14/bench/benchmarker/scenario/worldclient/worldclient.go:454 msg="GET /api/app/notificationsへのリクエストに対して、期待されたHTTPステータスコードが確認できませんでした (expected:200, actual:500)"
time=19:37:31.997 level=DEBUG source=/tmp/isucon14/bench/benchmarker/scenario/worldclient/worldclient.go:454 msg="GET /api/app/notificationsへのリクエストに対して、期待されたHTTPステータスコードが確認できませんでした (expected:200, actual:500)"
time=19:37:31.997 level=DEBUG source=/tmp/isucon14/bench/benchmarker/scenario/worldclient/worldclient.go:255 msg="GET /api/chair/notificationへのリクエストに対して、期待されたHTTPステータスコードが確認できませんでした (expected:200, actual:500)"
time=19:37:31.997 level=DEBUG source=/tmp/isucon14/bench/benchmarker/scenario/worldclient/worldclient.go:255 msg="GET /api/chair/notificationへのリクエストに対して、期待されたHTTPステータスコードが確認できませんでした (expected:200, actual:500)"
time=19:37:32.003 level=DEBUG source=/tmp/isucon14/bench/benchmarker/scenario/worldclient/worldclient.go:454 msg="GET /api/app/notificationsへのリクエストに対して、期待されたHTTPステータスコードが確認できませんでした (expected:200, actual:500)"
time=19:37:36.999 level=INFO msg=最終地域情報 名前=チェアタウン ユーザー登録数=83 アクティブユーザー数=42
time=19:37:36.999 level=INFO msg=最終地域情報 名前=コシカケシティ ユーザー登録数=59 アクティブユーザー数=35
time=19:37:36.999 level=INFO msg=最終オーナー情報 名前="SitWell Designs" 売上=127900 椅子数=11
time=19:37:36.999 level=INFO msg=最終オーナー情報 名前=GoEase 売上=259400 椅子数=18
time=19:37:36.999 level=INFO msg=最終オーナー情報 名前=椅子と暮らし舎 売上=386100 椅子数=24
time=19:37:36.999 level=INFO msg=最終オーナー情報 名前=ChairCycle 売上=146800 椅子数=13
time=19:37:36.999 level=INFO msg=最終オーナー情報 名前="Chair Charm" 売上=263900 椅子数=19
time=19:37:36.999 level=INFO msg=25.6%のライドは椅子がマッチされるまでの時間、84.8%のライドはマッチされた椅子が乗車地点までに掛かる時間、72.3%のライドは椅子の実移動時間に不満がありました
time=19:37:36.999 level=INFO msg=結果 pass=false スコア=19542 種別エラー数="map[1:179 2:2 3:2 5:2 7:2 8:4 13:4 17:4 21:2 30:2]"
time=19:37:36.999 level=INFO msg=負荷走行が終了しました
time=19:37:36.999 level=ERROR source=/tmp/isucon14/bench/cmd/run.go:138 msg=発生したエラー errors="[load:\n    github.com/isucon/isucandar.(*BenchmarkStep).AddError\n        /root/go/pkg/mod/github.com/isucon/isucandar@v0.0.0-20220322062028-6dd56dc57d72/benchmark_step.go:30\n    github.com/isucon/isucandar.(*Benchmark).Start.func3.func1\n        /root/go/pkg/mod/github.com/isucon/isucandar@v0.0.0-20220322062028-6dd56dc57d72/benchmark.go:132\n    github.com/isucon/isucandar/parallel.(*Parallel).Do.func1\n        /root/go/pkg/mod/github.com/isucon/isucandar@v0.0.0-20220322062028-6dd56dc57d72/parallel/parallel.go:68\n  - 発生しているエラーが多すぎます]"
